"ServerName","serve_efficiency","avg_speed","sd_speed","location_entropy","modal_locationWBC_DNCTL","modal_locationWBW_DNCTL","modal_locationWC_DNCTL","modal_locationWW_DCTL","overperf_lm","overperf_rf","overperf_xgb","pred_lm","pred_rf","pred_xgb","rf_weighted_baseline"
"adam walton",0.352941176470588,-0.817140397392611,-1.12263367520836,-0.674282530783892,-0.0773823232534137,-0.175155308160464,0.476000272317373,-0.41833253335013,-0.682553819009548,-0.669294271365189,-0.530649738362023,0.435883415466521,0.445494626844996,0.445353180170059,-0.213592408253078
"adrian mannarino",0.428169014084507,-0.986454494129028,1.1553837189354,0.376022523267789,-0.0773823232534137,-0.175155308160464,-2.0882592591988,2.37612878942874,-0.599356583910089,-0.412575691231215,-0.375231822178954,0.496023122681822,0.474826723756271,0.487095832824707,0.0453534067203256
"alejandro davidovich fokina",0.465,-0.28925856629378,0.240538098036859,1.99677986392338,-0.0773823232534137,-0.175155308160464,0.476000272317373,-0.41833253335013,-0.0434362021999941,0.0527943281114494,0.318180824167378,0.432035863850793,0.428459595505704,0.374529302120209,0.274572473877183
"alejandro tabilo",0.646017699115044,-0.526504815300567,-0.292571060117556,0.508536291270408,-0.0773823232534137,-0.175155308160464,0.476000272317373,-0.41833253335013,0.944448995065858,1,0.87649783229816,0.433896879965584,0.440137366492511,0.43525618314743,0.0417998326079143
"aleksandar kovacevic",0.579710144927536,0.850105527052989,-0.771220613942284,-2.46396274974759,-0.0773823232534137,-0.175155308160464,-2.0882592591988,2.37612878942874,-0.104877283746713,0.0926657430934605,0.127745850754979,0.557888579190685,0.536041592082985,0.530269145965576,0.378867052250548
"aleksandar vukic",0.463414634146341,-0.151495877901731,0.764097092583717,-1.63250043370661,-0.0773823232534137,-0.175155308160464,-2.0882592591988,2.37612878942874,-0.611990909058871,-0.39814245200605,-0.344187317035286,0.533560024961335,0.507491992194815,0.51565283536911,0.186516646882964
"alex de minaur",0.431775700934579,0.125007272532135,-0.552400050352289,1.22499185287914,-0.0773823232534137,-0.175155308160464,0.476000272317373,-0.41833253335013,-0.388987342432023,-0.316368575484856,-0.277106453290467,0.461478559150979,0.461233654999485,0.469561159610748,0.31216987501897
"alex michelsen",0.408333333333333,-0.0760972324930956,-0.310756144955312,1.60213906275198,-0.0773823232534137,-0.175155308160464,-2.0882592591988,2.37612878942874,-0.792964151454013,-0.344503637815679,-0.366636765144181,0.511298899922849,0.442821229230709,0.465408325195312,0.350421145691036
"alex molcan",0.473684210526316,-0.679052963423448,0.280388146226978,0.0416327694059211,-0.0773823232534137,-0.175155308160464,0.476000272317373,-0.41833253335013,-0.0694943810845948,-0.116090628407017,0.0301017567308155,0.445445822780783,0.467336790773925,0.445280879735947,-0.00109341369607108
"alexander bublik",0.596,1.30025822328915,2.70954597141783,0.185759668980413,-0.0773823232534137,-0.175155308160464,0.476000272317373,-0.41833253335013,0.0580588565182352,0.0399317195375002,-0.145692407796541,0.544629354560847,0.561759152271566,0.605471968650818,0.938132833116607
"alexander shevchenko",0.398648648648649,-0.566747824064546,0.25321842494308,-0.484695974921188,-0.0773823232534137,-0.175155308160464,0.476000272317373,-0.41833253335013,-0.51071327390923,-0.592191549309284,-0.720720156774467,0.450426960752737,0.477417796628196,0.532011806964874,0.00236293207410898
"alexander zverev",0.465425531914894,2.37035735154034,-1.03360105245788,-0.346676156947829,-0.0773823232534137,-0.175155308160464,0.476000272317373,-0.41833253335013,-0.702554743032724,-0.503034159294,-0.531745591092395,0.551995013443511,0.528255263075719,0.55807363986969,1
"alexandre muller",0.38860103626943,-1.20243998246809,0.893795212970505,0.689443926267848,-0.0773823232534137,-0.175155308160464,0.476000272317373,-0.41833253335013,-0.407578972815805,-0.477870009317392,-0.323819310120956,0.421675556335146,0.446931960597785,0.436450898647308,-0.10207182267807
"alexei popyrin",0.527667984189723,0.764920322254681,0.496392466584121,-0.184240185581949,-0.0773823232534137,-0.175155308160464,0.476000272317373,-0.41833253335013,-0.0968974170296085,-0.0276214528332711,-0.0125483476787045,0.504399239716134,0.505504185505234,0.508453726768494,0.537052604399485
"andreas seppi",0.528169014084507,-0.694479955073553,-0.118505632974928,-0.633788899739193,-0.0773823232534137,-0.175155308160464,-2.0882592591988,2.37612878942874,-0.0520897053583204,0.0815548163807285,0.0273493294196521,0.496774223165362,0.486486855100141,0.500358700752258,-0.0172290461379058
"andrey rublev",0.500542888165038,0.36676446692022,0.136249590622216,-0.37805521423511,-0.0773823232534137,-0.175155308160464,0.476000272317373,-0.41833253335013,-0.159583067028053,-0.0619861866731826,-0.0638215963546076,0.488642421257019,0.484522762107629,0.492375582456589,0.347086447124287
"andy murray",0.359223300970874,0.143802325957711,0.505403149905584,-0.209534258338675,-0.0773823232534137,-0.175155308160464,0.476000272317373,-0.41833253335013,-0.886478341307798,-0.790421197022748,-0.505600988942432,0.479148016370422,0.473431631055143,0.446238487958908,0.305320410954777
"arthur cazaux",0.372093023255814,0.173409365651212,1.40391655684445,-0.240647428300226,-0.0773823232534137,-0.175155308160464,0.476000272317373,-0.41833253335013,-0.923855827207801,-0.79221908007885,-0.579844037694078,0.498796285809694,0.486622776022125,0.475104063749313,0.385986156177442
"arthur fils",0.459363957597173,0.458724850303262,-0.707483312954999,0.345959370936257,-0.0773823232534137,-0.175155308160464,0.476000272317373,-0.41833253335013,-0.284736935578468,-0.238021541365549,-0.0770535089845215,0.470160613812569,0.474815153129508,0.454047501087189,0.363465519145966
"arthur rinderknech",0.545454545454545,0.956515728470962,0.164699202501966,0.229940246148117,-0.0773823232534137,-0.175155308160464,0.476000272317373,-0.41833253335013,-0.0126249422492091,0.0989212920718487,-0.0378937916833999,0.50690267183633,0.500667635482454,0.531701028347015,0.610114984898816
"aslan karatsev",0.52112676056338,0.102805945108797,0.193974855796461,1.25727228185707,-0.0773823232534137,-0.175155308160464,0.476000272317373,-0.41833253335013,0.0619120257450059,0.185281994028722,0.0427646299546567,0.469057328443733,0.460900421229213,0.489995181560516,0.365780234771755
"ben shelton",0.489151873767258,0.915774372985706,0.798526527784679,0.711616706179894,-0.0773823232534137,-0.175155308160464,0.476000272317373,-0.41833253335013,-0.296794272734992,-0.157919219546805,-0.132137896830334,0.502135173265454,0.490282503215307,0.495703488588333,0.678658544246636
"benjamin bonzi",0.48780487804878,0.546639727733777,-0.255492373124977,1.078702526618,-0.0773823232534137,-0.175155308160464,0.476000272317373,-0.41833253335013,-0.153150548887766,-0.00611673958839154,0.0593011839568993,0.474737849867709,0.461796500828306,0.453110456466675,0.482483343237226
"benoit paire",0.63,-0.34886292029492,1.02519709605139,-0.405166723327279,-0.0773823232534137,-0.175155308160464,0.476000272317373,-0.41833253335013,0.655275560108288,0.801735842092434,0.671670000366182,0.470321867067697,0.459565019159971,0.463369160890579,0.150440473390362
"bernabe zapata miralles",0.486111111111111,-1.25172108856077,0.603543126395064,0.508722127796756,-0.0773823232534137,-0.175155308160464,0.476000272317373,-0.41833253335013,0.149340339052223,0.0896382298175094,0.121413030084435,0.418186226702292,0.442983812289601,0.438034534454346,-0.155963587539099
"borna coric",0.411111111111111,0.141666320731409,0.336559470974516,-2.37378608639018,-0.0773823232534137,-0.175155308160464,0.476000272317373,-0.41833253335013,-0.649977152856505,-0.481005288454172,-0.252785108965793,0.488145449606724,0.470002555672232,0.443656474351883,0.142637782349235
"borna gojo",0.491428571428571,1.11137159249813,0.93587761213966,-0.561173013946956,-0.0773823232534137,-0.175155308160464,0.476000272317373,-0.41833253335013,-0.424436746562016,-0.288787999287087,-0.286342341136443,0.527560311944091,0.515955713812679,0.531203925609589,0.675018556321932
"botic van de zandschulp",0.467791411042945,0.427908805499283,0.142363409737789,0.122945312417529,-0.0773823232534137,-0.175155308160464,0.476000272317373,-0.41833253335013,-0.309852733786906,-0.206117913786994,-0.254556176010709,0.483142911394462,0.477538926623268,0.500718355178833,0.404639632883578
"brandon nakashima",0.463963963963964,0.838946553012264,-0.671697377875339,-0.142033749935018,-0.0773823232534137,-0.175155308160464,0.476000272317373,-0.41833253335013,-0.365738920173627,-0.428176503199707,-0.249974019274761,0.489450633671485,0.513410762062763,0.495903670787811,0.474100471185735
"cameron norrie",0.510385756676558,-0.49704192840619,0.268423890772591,0.0216420774775936,-0.0773823232534137,-0.175155308160464,0.476000272317373,-0.41833253335013,0.106189190197949,0.0611219488629531,0.0831338465671274,0.450286494837829,0.472356553348607,0.470556527376175,0.0641888627242684
"carlos alcaraz",0.40472027972028,0.00175508244024033,0.173865599948339,1.48898213045479,-0.0773823232534137,-0.175155308160464,0.476000272317373,-0.41833253335013,-0.551639160641761,-0.525584251555038,-0.405370330953139,0.463920654768663,0.471581480620043,0.470140516757965,0.34252503954113
"carlos taberner",0.551282051282051,0.780278231773606,-1.80113523542116,-1.56809855718934,-0.0773823232534137,-0.175155308160464,0.476000272317373,-0.41833253335013,0.151299303585746,0.146987906526459,0.197450574063524,0.483001901313112,0.497901868192325,0.486822992563248,0.264271661623342
"casper ruud",0.431011826544021,0.0247146930029405,0.0096367945096018,0.650140512786834,-0.0773823232534137,-0.175155308160464,0.476000272317373,-0.41833253335013,-0.383824621078906,-0.351197682359145,-0.357004004832616,0.459778405893768,0.466696473110781,0.486011415719986,0.280412765370266
"christopher eubanks",0.488505747126437,-0.0380098993304727,-0.504633665803649,-1.36128939512242,-0.0773823232534137,-0.175155308160464,0.476000272317373,-0.41833253335013,-0.184203589088279,0.0325771375675821,0.0320327974615757,0.481070304168825,0.455579739901139,0.459686368703842,0.078099217457642
"constant lestienne",0.358333333333333,-1.79856203879722,0.467082699606825,-0.954549488618148,-0.0773823232534137,-0.175155308160464,-2.0882592591988,2.37612878942874,-0.783249804531778,-0.877024343068091,-0.295305910314077,0.459537166700286,0.488024436549395,0.400039911270142,-0.402545306059104
"corentin moutet",0.40979381443299,-1.65884643353332,0.70892009125857,0.941227954686171,-0.0773823232534137,-0.175155308160464,0.476000272317373,-0.41833253335013,-0.200418510144316,-0.203337778033131,-0.303283043254662,0.405299008180484,0.419044301751428,0.453219085931778,-0.269116150895286
"cristian garin",0.483606557377049,-0.470423342181102,1.22270508782377,1.16511795782291,-0.0773823232534137,-0.175155308160464,-2.0882592591988,2.37612878942874,-0.327211942925199,-0.0368129910965038,-0.222027521570477,0.502106215366045,0.463086007329132,0.509525120258331,0.296521989674961
"daniel altmaier",0.366771159874608,-0.387530853048436,-0.440864212826703,-0.60460402163873,-0.0773823232534137,-0.175155308160464,0.476000272317373,-0.41833253335013,-0.73249480052049,-0.745696450566685,-0.669406686082322,0.458770383040403,0.472983670703147,0.48907870054245,0.00524731316051774
"daniel evans",0.495063469675599,-0.0868408635124017,-0.4453641012063,0.754567622734503,-0.0773823232534137,-0.175155308160464,0.476000272317373,-0.41833253335013,-0.0095399099815171,0.108989076828772,0.251293367662243,0.455952113893304,0.448476657108173,0.419003844261169,0.209775360724745
"daniil medvedev",0.446572580645161,0.824037684376221,-0.278846717959544,-1.37221759696348,-0.0773823232534137,-0.175155308160464,0.476000272317373,-0.41833253335013,-0.566915734277266,-0.581214274024633,-0.556053330588287,0.508543419577122,0.523379228754917,0.544457852840424,0.415605438194959
"david goffin",0.511415525114155,-1.52060674506309,0.0314440839880884,-0.216741814024224,-0.0773823232534137,-0.175155308160464,-2.0882592591988,2.37612878942874,0.111507455774656,0.00174285255153617,-0.0607358360811328,0.450351775880865,0.484002022473096,0.502583384513855,-0.283520237695644
"denis kudla",0.585585585585586,-0.103947182598987,0.0100265035409102,-1.48944877918788,-0.0773823232534137,-0.175155308160464,0.476000272317373,-0.41833253335013,0.38371006328234,0.516299027487545,0.475303652385657,0.475156873297815,0.466180545871196,0.461262375116348,0.0859460657377835
"denis shapovalov",0.520231213872832,0.781266464425426,-0.508410862359894,-0.404351519488314,-0.0773823232534137,-0.175155308160464,0.476000272317373,-0.41833253335013,-0.101152530847439,-0.129478335232249,-0.0592461623317234,0.497734150237767,0.516277227119071,0.511078119277954,0.447736910626592
"diego schwartzman",0.365339578454333,-1.54490106891542,0.0694650384768714,1.60629585699795,-0.0773823232534137,-0.175155308160464,0.476000272317373,-0.41833253335013,-0.413144350795539,-0.565910105868824,-0.325803296206501,0.399423400675047,0.439410171647526,0.413616895675659,-0.232288328027566
"dominic stricker",0.481481481481481,0.661754532040789,-0.556090222383606,-0.608888110227779,-0.0773823232534137,-0.175155308160464,0.476000272317373,-0.41833253335013,-0.254769967931689,-0.162432100589035,-0.125210291595602,0.486843515801507,0.483418916646623,0.486540526151657,0.385508885390468
"dominic thiem",0.376712328767123,0.13868325835847,0.171952290765826,-1.34163874558335,-0.0773823232534137,-0.175155308160464,0.476000272317373,-0.41833253335013,-0.884051754128344,-0.760608830244866,-0.450450758523205,0.496196973487118,0.485590851189416,0.45184525847435,0.199147179986031
"dominik koepfer",0.323308270676692,-0.976808879932264,-1.72422425581902,1.38886340497247,-0.0773823232534137,-0.175155308160464,-2.0882592591988,2.37612878942874,-0.976688677360196,-0.857826875353365,-0.776850995225182,0.459592968616941,0.449567281054274,0.468764960765839,-0.111729250578112
"dusan lajovic",0.539634146341463,-0.885770267828957,0.281071413278155,0.712727640862039,-0.0773823232534137,-0.175155308160464,-2.0882592591988,2.37612878942874,0.258330994742934,0.343087120071859,0.327402129158324,0.451943398039134,0.451195656789559,0.447176694869995,0.0359726371948972
"egor gerasimov",0.525423728813559,1.08927833008018,-1.06842228704469,-2.54660046906594,-0.0773823232534137,-0.175155308160464,0.476000272317373,-0.41833253335013,-0.172306450056462,-0.0874252070723985,-0.205258544515084,0.515830695103467,0.513951550486939,0.54772937297821,0.370510469063833
"emil ruusuvuori",0.534883720930233,0.904073697316739,0.196292888784697,0.794627706067002,-0.0773823232534137,-0.175155308160464,0.476000272317373,-0.41833253335013,0.0245941123417022,0.158190547088774,0.0789858155277066,0.48958203226937,0.479500747523714,0.495948195457458,0.631878814472939
"fabian marozsan",0.450171821305842,-0.365144848203673,-0.861580506708966,0.679423008613653,-0.0773823232534137,-0.175155308160464,-2.0882592591988,2.37612878942874,-0.368298819493831,-0.143324694745325,-0.0615455443384055,0.47612273834928,0.448693264751002,0.441514134407043,0.135767575191972
"fabio fognini",0.493877551020408,-0.68925305677324,-0.386016297631305,0.958447210172962,-0.0773823232534137,-0.175155308160464,0.476000272317373,-0.41833253335013,0.150931889769669,0.0733570649560473,0.0141226814136928,0.425664032924038,0.453660973037369,0.468916952610016,0.00472784719584407
"facundo bagnis",0.526881720430108,0.0262306360490487,-0.900429918052119,0.921327427732931,-0.0773823232534137,-0.175155308160464,0.476000272317373,-0.41833253335013,0.235418312122282,0.297315447589849,0.298282178940311,0.44334627299504,0.446626217908843,0.440698236227036,0.226845777393657
"facundo diaz acosta",0.430232558139535,-0.665327503816937,-1.48002342399932,-0.34528611682849,-0.0773823232534137,-0.175155308160464,0.476000272317373,-0.41833253335013,-0.204225881894917,-0.281192949433192,-0.160502563387366,0.426428233023576,0.453401869553496,0.442895412445068,-0.163201743150772
"federico coria",0.408376963350785,-0.384247881539719,0.591932733471414,0.406082494564401,-0.0773823232534137,-0.175155308160464,0.476000272317373,-0.41833253335013,-0.494125967461912,-0.542726423649961,-0.432088507856964,0.457147105263403,0.478302814597002,0.479553699493408,0.158298885336086
"federico delbonis",0.404761904761905,-0.430163451579768,-0.707182986218108,-0.996640994666497,-0.0773823232534137,-0.175155308160464,0.476000272317373,-0.41833253335013,-0.475016404268691,-0.485205591403653,-0.32704492732137,0.450066455769064,0.464404272824321,0.45330673456192,-0.0587515712981991
"feliciano lopez",0.622222222222222,1.40110295329786,0.956648015670431,-0.353989496855906,-0.0773823232534137,-0.175155308160464,0.476000272317373,-0.41833253335013,0.24129589908646,0.514724708984482,0.377367630293556,0.537620852362705,0.503098636673567,0.518999576568604,0.798506744286493
"filip krajinovic",0.504065040650406,0.112974316233133,-0.605503275129347,-1.27513946051785,-0.0773823232534137,-0.175155308160464,0.476000272317373,-0.41833253335013,-0.111158958073519,0.150655763432683,0.231795395507085,0.483382680095688,0.45002912391875,0.432206302881241,0.132029622775357
"flavio cobolli",0.39766081871345,-0.403746897762517,1.02680558216601,0.534206035272843,-0.0773823232534137,-0.175155308160464,-2.0882592591988,2.37612878942874,-0.680814498274384,-0.613655002102868,-0.619510764718702,0.480287625375294,0.480267168750923,0.509218156337738,0.262374897624438
"frances tiafoe",0.491635687732342,0.954275810399773,0.0031878328171977,0.421234602921328,-0.0773823232534137,-0.175155308160464,0.476000272317373,-0.41833253335013,-0.294134648830601,-0.186461840387038,-0.183862890981573,0.504136654467523,0.497869121676947,0.509331583976746,0.609492887221861
"francisco cerundolo",0.435897435897436,-0.76358074191954,-0.364760970532023,0.867063524818665,-0.0773823232534137,-0.175155308160464,0.476000272317373,-0.41833253335013,-0.17889175010969,-0.310549537391574,-0.324804341661031,0.427498671032917,0.464315071558707,0.483959525823593,-0.0274489873656502
"gabriel diallo",0.467532467532468,1.36946907255766,0.0171112514618907,0.9618924957797,-0.0773823232534137,-0.175155308160464,0.476000272317373,-0.41833253335013,-0.404565480175394,-0.411441831027637,-0.474254272489189,0.500060479413633,0.513987467474888,0.547793924808502,0.801902881966507
"gael monfils",0.491094147582697,0.382548079142019,0.491340660481156,-0.335623208266571,-0.0773823232534137,-0.175155308160464,0.476000272317373,-0.41833253335013,-0.210057362796036,-0.0153048372513043,-0.198353063233454,0.488347383383853,0.466728403893725,0.511911988258362,0.38423459700135
"gianluca mager",0.633333333333333,0.610868203452245,2.8152495046721,-0.183337268235414,-0.0773823232534137,-0.175155308160464,-2.0882592591988,2.37612878942874,0.171792531767974,0.418472772275739,0.388520030230818,0.561336659627368,0.531417516412123,0.527707874774933,0.73297655810035
"grigor dimitrov",0.461966604823748,1.1501769302309,-0.261815049966682,0.483743134416911,-0.0773823232534137,-0.175155308160464,0.476000272317373,-0.41833253335013,-0.483098044729976,-0.396633583559148,-0.384167715926217,0.508736791617588,0.50577420976375,0.522818684577942,0.665370809778072
"guido pella",0.418079096045198,-0.0682207593990054,-0.568860099715521,-0.900683863580524,-0.0773823232534137,-0.175155308160464,0.476000272317373,-0.41833253335013,-0.47659353043589,-0.370132793952706,-0.351723533536417,0.46366966479366,0.457148931839088,0.471940994262695,0.0933272283773283
"hamad medjedovic",0.584415584415584,1.30649286758177,-0.481824652904115,0.511411325280903,-0.0773823232534137,-0.175155308160464,0.476000272317373,-0.41833253335013,0.235313313272598,0.293362921363562,0.150747017340018,0.50089917891543,0.504866708265919,0.530018925666809,0.707751152571604
"henri laaksonen",0.514970059880239,0.0810651664665737,1.88288319944412,0.309753990628035,-0.0773823232534137,-0.175155308160464,0.476000272317373,-0.41833253335013,-0.0933720009874103,0.14312742647746,0.171439484918044,0.491061967994558,0.462280047292485,0.456115156412125,0.427698696216674
"holger rune",0.392344497607655,-0.114476810043094,-0.665353961653334,0.89661571011955,-0.0773823232534137,-0.175155308160464,0.476000272317373,-0.41833253335013,-0.554218955344256,-0.539292192460783,-0.367280429773951,0.4520127280941,0.461656382447198,0.449558168649673,0.191669988856831
"hubert hurkacz",0.557093425605536,0.670084540135097,0.562908655834678,-1.01698899835483,-0.0773823232534137,-0.175155308160464,0.476000272317373,-0.41833253335013,0.0654722873370306,0.222721156883316,0.191105135453297,0.504378326702739,0.490173772099867,0.494001507759094,0.450041444577754
"hugo dellien",0.361702127659574,-0.656879650491941,-0.483688911447743,0.802955405552226,-0.0773823232534137,-0.175155308160464,0.476000272317373,-0.41833253335013,-0.608439379896551,-0.661255064995907,-0.623661939795459,0.431203435350273,0.45281834146627,0.474153846502304,-0.0017136452093538
"hugo gaston",0.413333333333333,-1.77195896554247,1.8141552995037,1.27729046766096,-0.0773823232534137,-0.175155308160464,0.476000272317373,-0.41833253335013,-0.203414609566036,-0.133282775885448,0.0674232573418181,0.40938188093998,0.410059498447219,0.376888990402222,-0.199768807620734
"ilya ivashka",0.480932203389831,0.575167233014905,0.252919590864713,1.0129969620358,-0.0773823232534137,-0.175155308160464,0.476000272317373,-0.41833253335013,-0.24795546846091,-0.0765300785539974,-0.097112851557544,0.485058402690898,0.467512211262037,0.479937583208084,0.529202669621622
"jack draper",0.516483516483517,0.709968259337917,-0.363407866416718,-0.508293837223864,-0.0773823232534137,-0.175155308160464,0.476000272317373,-0.41833253335013,-0.115497120832321,-0.102997218696614,-0.0725518338553435,0.496587898004025,0.507795277704048,0.510197162628174,0.425713121817264
"jakub mensik",0.512820512820513,1.63768984300252,-2.50211665065782,-0.557019399011928,-0.0773823232534137,-0.175155308160464,0.476000272317373,-0.41833253335013,-0.128614699995395,-0.171316628746394,-0.182639443948738,0.495303816485369,0.516346309842294,0.530252814292908,0.596072730912459
"james duckworth",0.511111111111111,-0.724897921997027,2.36905572502121,0.104350597659747,-0.0773823232534137,-0.175155308160464,-2.0882592591988,2.37612878942874,-0.0617170478274183,-0.0121741988777534,-0.137774510306262,0.48146227483087,0.486185676857664,0.518877148628235,0.220868455921233
"jannik sinner",0.451923076923077,0.981679297553207,-0.618162549561075,0.557225888141147,-0.0773823232534137,-0.175155308160464,0.476000272317373,-0.41833253335013,-0.445448918110824,-0.312224087267884,-0.253558019294735,0.49186545350009,0.480640085956064,0.484634965658188,0.579343692622639
"jason kubler",0.553571428571429,-0.390475322402254,0.705519725627919,-0.259024870620543,-0.0773823232534137,-0.175155308160464,0.476000272317373,-0.41833253335013,0.272033803201496,0.412363960779019,0.404820662650007,0.463395624598645,0.452747735283453,0.444433957338333,0.11945800435228
"jaume munar",0.504424778761062,-0.252934508950654,0.357042731736361,0.919542242636026,-0.0773823232534137,-0.175155308160464,-2.0882592591988,2.37612878942874,-0.186807202787804,0.0761531191795337,0.0892950560804959,0.497461510905893,0.463708326637379,0.463268101215363,0.291294838329252
"jenson brooksby",0.375921375921376,-1.08688659810106,-0.802794199451083,0.768978004028198,-0.0773823232534137,-0.175155308160464,0.476000272317373,-0.41833253335013,-0.409801913205711,-0.328296892545444,-0.027035362850515,0.409399034558117,0.4075118555968,0.359828382730484,-0.189272091545081
"jeremy chardy",0.4375,1.91534484928227,-1.50643470009326,-0.313643546574058,-0.0773823232534137,-0.175155308160464,0.476000272317373,-0.41833253335013,-0.767784756045837,-0.635741152558707,-0.568029350505532,0.535899188862867,0.524054876996105,0.537965536117554,0.795463148934707
"jiri lehecka",0.435897435897436,0.571753655628812,0.951647740455689,1.54822201924663,-0.0773823232534137,-0.175155308160464,0.476000272317373,-0.41833253335013,-0.554265353395165,-0.278559012893966,-0.423214751475196,0.495574080844307,0.458595856313291,0.505162298679352,0.620469836826828
"jiri vesely",0.609756097560976,1.97576437926999,-0.822902848864995,0.117268490963287,-0.0773823232534137,-0.175155308160464,0.476000272317373,-0.41833253335013,0.143734077842071,0.46039575615882,0.52743528779385,0.542847929634217,0.50034535605435,0.474200993776321,0.90207468921757
"joao sousa",0.548780487804878,-1.54612441715948,1.38001354648529,-0.123001384690562,-0.0773823232534137,-0.175155308160464,-2.0882592591988,2.37612878942874,0.383424707815131,0.247857801505603,0.304479066285958,0.438403525800564,0.477366944830372,0.461261868476868,-0.178805459873216
"john isner",0.597014925373134,1.29572268327308,-0.376081001811515,-2.08430079357758,-0.0773823232534137,-0.175155308160464,0.476000272317373,-0.41833253335013,0.179427312872803,0.265133264525714,0.181041938628135,0.523633655499558,0.522512902511916,0.536091148853302,0.534219917983414
"john millman",0.65625,-2.03723201562382,2.7860739527626,-0.77512434177264,-0.0773823232534137,-0.175155308160464,-2.0882592591988,2.37612878942874,1,0.936708250904242,1,0.434054797907181,0.46168486592523,0.418879628181458,-0.293584362056946
"jordan thompson",0.527027027027027,0.0607861824064535,0.418835348804143,-0.168422604398109,-0.0773823232534137,-0.175155308160464,0.476000272317373,-0.41833253335013,0.0628314454435048,0.212614320994257,0.140829794737122,0.474790854699181,0.461914257616176,0.474767059087753,0.270384744570874
"juncheng shang",0.388571428571429,-1.29473927894739,-0.164420621234652,0.768698172319005,-0.0773823232534137,-0.175155308160464,0.476000272317373,-0.41833253335013,-0.294439857595017,-0.314984847055501,-0.24430932125005,0.401127746059922,0.417782001861777,0.419290661811829,-0.21548610368138
"kamil majchrzak",0.508196721311475,0.00902818555799055,0.157764415907856,-1.14159739053624,-0.0773823232534137,-0.175155308160464,0.476000272317373,-0.41833253335013,-0.117256315630658,0.036163167999284,-0.0974063186521446,0.488620139401915,0.474629609251618,0.507265329360962,0.163568549440404
"karen khachanov",0.473515248796148,0.593322726120244,-0.861978900595205,-0.0519415046414337,-0.0773823232534137,-0.175155308160464,0.476000272317373,-0.41833253335013,-0.238027709453763,-0.122142815121646,-0.0474810819683206,0.47584101179321,0.468249829388234,0.461827337741852,0.373833794432693
"kei nishikori",0.312252964426877,-1.74271914399545,-0.48446175070124,0.795226918523837,-0.0773823232534137,-0.175155308160464,0.476000272317373,-0.41833253335013,-0.665848121062441,-0.703100048821508,-0.535059218919122,0.392165562489136,0.410850158092389,0.405615001916885,-0.405646742569985
"kevin anderson",0.5625,1.95954299313905,0.315370187735599,-1.70844231859205,-0.0773823232534137,-0.175155308160464,0.476000272317373,-0.41833253335013,-0.221087170355851,0.00744898900139135,0.417595623338599,0.561753532740533,0.534066363332102,0.450610131025314,0.861826176392504
"laslo djere",0.424242424242424,-0.19304054645527,-0.270671511556403,0.434201244343953,-0.0773823232534137,-0.175155308160464,0.476000272317373,-0.41833253335013,-0.392892422298752,-0.391934991214868,-0.31875393930846,0.45465348332843,0.467210022293218,0.47100093960762,0.162320157606664
"lloyd harris",0.529891304347826,1.02671508739166,-0.459092664098465,-1.42398559181641,-0.0773823232534137,-0.175155308160464,0.476000272317373,-0.41833253335013,-0.106900184664364,-0.016700419375422,-0.212024130065451,0.508436599273982,0.505775060618164,0.553654611110687,0.472937867328971
"lorenzo musetti",0.432876712328767,0.116264160730922,-0.751035779323515,1.17788586248386,-0.0773823232534137,-0.175155308160464,0.476000272317373,-0.41833253335013,-0.37266518321313,-0.288550035194027,-0.159569138278693,0.459619485797311,0.457361311869634,0.4453384578228,0.289819028825095
"lorenzo sonego",0.487684729064039,0.606787417756249,0.203744522358245,0.902181342950979,-0.0773823232534137,-0.175155308160464,-2.0882592591988,2.37612878942874,-0.475475812324304,-0.204843433139518,-0.0909849240217921,0.533072595443891,0.497204395015027,0.485369831323624,0.59720291793682
"luca nardi",0.5,-1.20043858613374,-1.86594024025269,-0.98309874469345,-0.0773823232534137,5.67503198439904,-2.0882592591988,-0.41833253335013,0.419183732514248,0.190702684654508,0.640662511035764,0.383138004845935,0.438804558190817,0.340049803256989,-0.122278704158795
"luca van assche",0.464788732394366,0.369832692165705,-1.58927913252691,1.64858824526148,-0.0773823232534137,5.67503198439904,-2.0882592591988,-0.41833253335013,-0.0253807763499245,0.0207439961754829,0.132820592857237,0.428550177097663,0.433978235424485,0.414254367351532,0.663563474785932
"luciano darderi",0.406779661016949,-0.492865395775986,0.999304432275711,-1.82981429079002,-0.0773823232534137,-0.175155308160464,0.476000272317373,-0.41833253335013,-0.619935685289495,-0.706028513307983,-0.650694654329845,0.478365866777441,0.505900400919971,0.525055646896362,-0.00280329143285296
"mackenzie mcdonald",0.42809364548495,-0.673931504754398,-0.129076921393712,0.550979408507033,-0.0773823232534137,-0.175155308160464,0.476000272317373,-0.41833253335013,-0.235726617194385,-0.37116369366841,-0.312203378779505,0.430002096776555,0.467347783895416,0.473440825939178,0.00301256401038441
"marco cecchinato",0.414634146341463,-0.319048423254252,-1.31874331126158,-0.477352300756906,-0.0773823232534137,-0.175155308160464,0.476000272317373,-0.41833253335013,-0.370547972374296,-0.375061590542763,-0.300960358578598,0.440992955689331,0.45458514457461,0.457558989524841,-0.0307416606967312
"marcos giron",0.467889908256881,-0.141345973306035,0.691332540142208,0.0640341294601718,-0.0773823232534137,-0.175155308160464,0.476000272317373,-0.41833253335013,-0.224364299278491,-0.104725341012727,-0.0797960052166723,0.467737760609824,0.459510620444971,0.463164329528809,0.233016088341625
"mariano navone",0.324561403508772,-0.865150411241458,-1.615951215943,1.06755555678864,-0.0773823232534137,-0.175155308160464,0.476000272317373,-0.41833253335013,-0.673544013283768,-0.78811122588336,-0.523449012575035,0.405869680468656,0.438356760615438,0.415421992540359,-0.151414704848489
"marin cilic",0.492424242424242,1.03578265313679,0.664413637352244,-0.787999824401378,-0.0773823232534137,-0.175155308160464,0.476000272317373,-0.41833253335013,-0.385378039808623,-0.205764956090822,-0.247208850314125,0.521472540082652,0.502108656787295,0.523768186569214,0.609694684424931
"marton fucsovics",0.52258064516129,0.374927512928323,-0.407836315666906,0.652429822065849,-0.0773823232534137,-0.175155308160464,0.476000272317373,-0.41833253335013,0.0891755238728369,0.175119281278901,0.165244612549946,0.465566875475816,0.46417117949851,0.465060442686081,0.377297511409468
"matteo arnaldi",0.370748299319728,-0.865186581785252,-0.229608586889361,0.441576383603781,-0.0773823232534137,-0.175155308160464,0.476000272317373,-0.41833253335013,-0.542144177725795,-0.645672126224232,-0.410521459669537,0.428226723630235,0.459078620041175,0.437278360128403,-0.0835653260675698
"matteo berrettini",0.488599348534202,1.9031898455506,-0.579077035130155,-0.555917545145041,-0.0773823232534137,-0.175155308160464,0.476000272317373,-0.41833253335013,-0.467874670275403,-0.327387592185092,-0.272217627133778,0.53260871931531,0.520027264932991,0.525331497192383,0.84844241590274
"mattia bellucci",0.647058823529412,0.259462008709731,-0.323053512016737,-1.16145100536546,-0.0773823232534137,-0.175155308160464,0.476000272317373,-0.41833253335013,0.70590965514357,0.894664501768329,0.718416301867264,0.478198007691902,0.460010204260473,0.470356374979019,0.216809559347171
"max purcell",0.433333333333333,0.168606141748871,-0.249055866766299,0.185693913573476,-0.0773823232534137,-0.175155308160464,0.476000272317373,-0.41833253335013,-0.410609860529189,-0.343557708345598,0.0683705906907108,0.466957516245277,0.467652117459916,0.396684885025024,0.281343814639262
"maximilian marterer",0.441860465116279,0.647988770784448,-1.01602311893479,-0.082957830229384,-0.0773823232534137,-0.175155308160464,0.476000272317373,-0.41833253335013,-0.418629368132266,-0.420409529406327,-0.437959284058585,0.476939015788201,0.489918695955633,0.51430207490921,0.379703238604638
"michael mmoh",0.439130434782609,0.554645968285363,-0.458288372253835,0.989148075435945,-0.0773823232534137,-0.175155308160464,0.476000272317373,-0.41833253335013,-0.454386754310709,-0.347994001902215,-0.241895460384042,0.480693721452417,0.474242332437044,0.469329595565796,0.46311111721401
"mikael ymer",0.536764705882353,-1.62236372412785,0.594778529615491,1.34085338357002,12.8454656600667,-0.175155308160464,-2.0882592591988,-0.41833253335013,0.301717605135949,0.531383364781932,0.447673526816298,0.441205633177401,0.414662912264241,0.418394476175308,-0.263272646651559
"mikhail kukushkin",0.628205128205128,-0.100446686105033,-1.98899000431824,-0.47757226424021,-0.0773823232534137,-0.175155308160464,-2.0882592591988,2.37612878942874,0.622709973256125,0.713691532780585,0.771615823270444,0.474432886500407,0.473510569380565,0.440040707588196,0.0646665656451426
"miomir kecmanovic",0.508196721311475,-0.125946942285658,-0.995797068419763,1.04506469802802,-0.0773823232534137,-0.175155308160464,0.476000272317373,-0.41833253335013,0.182973160510811,0.0885250221578806,0.168265145738452,0.434172398679331,0.465268439990248,0.450025737285614,0.171181931638356
"nick kyrgios",0.519736842105263,1.5753846901433,-0.731227739897543,-2.29220624129202,-0.0773823232534137,-0.175155308160464,0.476000272317373,-0.41833253335013,-0.284672320737504,-0.221903690619474,-0.27068569784216,0.530521780177082,0.532306513837725,0.556138932704926,0.595466269546896
"nicolas jarry",0.486486486486487,0.59175549259526,-0.039207663566049,0.439398777493884,-0.0773823232534137,-0.175155308160464,0.476000272317373,-0.41833253335013,-0.244966785479106,-0.0863984075318862,-0.0714804157557336,0.490070676927576,0.47483073856611,0.479969292879105,0.472690186081606
"nikoloz basilashvili",0.477272727272727,1.14446034019588,-0.552009868020653,-1.72755251329602,-0.0773823232534137,-0.175155308160464,-2.0882592591988,2.37612878942874,-0.662732154279864,-0.582812086862631,-0.487394405742702,0.556620233080693,0.554365029828164,0.560365259647369,0.556217867492843
"norbert gombos",0.446428571428571,-0.129495806295568,2.61574600868403,-0.948089656462695,-0.0773823232534137,-0.175155308160464,0.476000272317373,-0.41833253335013,-0.537487127549964,-0.576832857225258,-0.841106816598617,0.503062422235622,0.522451916790122,0.605729341506958,0.321801807278284
"novak djokovic",0.463942307692308,0.610771064674536,-0.772338520352937,-0.759820205679671,-0.0773823232534137,-0.175155308160464,0.476000272317373,-0.41833253335013,-0.333250562527219,-0.260831156064822,-0.197593049384507,0.483537091978157,0.483471369973589,0.484596401453018,0.338941104323544
"nuno borges",0.430830039525692,0.278566043609354,-1.4261809551543,-0.106103646386021,-0.0773823232534137,-0.175155308160464,0.476000272317373,-0.41833253335013,-0.420826875898915,-0.339146392799788,-0.229033520140176,0.466307116467093,0.464360175653589,0.458258062601089,0.20811571792593
"oscar otte",0.354838709677419,-2.68513199538607,1.24783718433387,-1.02123530298078,-0.0773823232534137,-0.175155308160464,0.476000272317373,-0.41833253335013,-0.376555959346385,-0.745956374320051,-0.190087332139362,0.382287089979895,0.461097689262449,0.373875677585602,-0.741830946078223
"pablo andujar",0.502857142857143,-0.632019681917768,-1.13921992372827,1.18089372222222,-0.0773823232534137,-0.175155308160464,0.476000272317373,-0.41833253335013,0.208374538089912,0.106761714113962,0.155120945021285,0.42422618519969,0.456668534664158,0.447518110275269,-0.0189494340423486
"pablo carreno busta",0.486928104575163,-0.229812681828037,-0.401224598420836,0.615101124037889,-0.0773823232534137,-0.175155308160464,0.476000272317373,-0.41833253335013,-0.0280208924337838,0.102065698475137,0.141091840903541,0.451168344225109,0.441579042612072,0.434611678123474,0.150632062930817
"pavel kotov",0.458100558659218,-1.72488200456894,2.08470372463954,0.12764775179977,-0.0773823232534137,-0.175155308160464,0.476000272317373,-0.41833253335013,0.020582711886169,0.0534854887025418,0.10960536644497,0.413526352505218,0.421436589570353,0.412567973136902,-0.239489694279051
"pedro cachin",0.377049180327869,0.446248231579134,-1.24353947728921,-0.216912865228691,-0.0773823232534137,-0.175155308160464,0.476000272317373,-0.41833253335013,-0.747021337686563,-0.669056319114194,-0.523534699209035,0.471682845452462,0.469560089976141,0.467928230762482,0.277399487202967
"pedro martinez",0.46039603960396,-0.86188646731933,-0.102983422171275,0.651809365539136,-0.0773823232534137,-0.175155308160464,0.476000272317373,-0.41833253335013,-0.0521247767218707,0.0269458976136701,-0.0192619024847325,0.429007609008038,0.428476776528713,0.442628234624863,-0.0578056109759093
"peter gojowczyk",0.516819571865443,0.351417954708363,0.0676951540823593,0.134907094222158,-0.0773823232534137,-0.175155308160464,0.476000272317373,-0.41833253335013,-0.0314402123360422,0.0892553987301734,0.0958558112593253,0.481679917994867,0.473760714978709,0.474249362945557,0.371080007829909
"philipp kohlschreiber",0.5,-0.709183026403505,0.108327165817776,0.96025093992056,-0.0773823232534137,-0.175155308160464,0.476000272317373,-0.41833253335013,0.136092583362237,0.0388539148696594,0.0966673349826286,0.434477645736571,0.465951840481112,0.457254946231842,0.036952052386797
"quentin halys",0.567375886524823,0.711605938427124,-0.0190763480258597,-0.771591722001358,-0.0773823232534137,-0.175155308160464,0.476000272317373,-0.41833253335013,0.16351276072177,0.254047683715293,0.224895844707854,0.496880780329682,0.494855726223563,0.497003674507141,0.435783831283148
"radu albot",0.553571428571429,-0.744661808547041,-0.416934679629686,0.176845429490985,-0.0773823232534137,-0.175155308160464,0.476000272317373,-0.41833253335013,0.439533838380734,0.380913397771008,0.651439752631022,0.433018865448702,0.458370417069924,0.391299247741699,-0.0719170274107217
"rafael nadal",0.474025974025974,0.0915769132552131,-0.983754747097903,0.0304757731678947,-0.0773823232534137,-0.175155308160464,0.476000272317373,-0.41833253335013,-0.133882926167452,-0.153753441239226,-0.0418378522721171,0.457464690251817,0.474411852233463,0.461122214794159,0.183377238061936
"reilly opelka",0.557692307692308,1.54864596343758,0.898348168639872,-0.149454637039957,-0.0773823232534137,-0.175155308160464,0.476000272317373,-0.41833253335013,-0.1021222601537,0.0418345012332202,-0.00419866104551769,0.535371108101363,0.523111283669369,0.536679089069366,0.862678021388086
"ricardas berankis",0.338983050847458,-0.273693970549158,-0.405412026143737,2.25008154448245,-0.0773823232534137,-0.175155308160464,0.476000272317373,-0.41833253335013,-0.788781149546832,-0.874322394314845,-0.46976712353068,0.441190014363713,0.468191103949631,0.418277740478516,0.246103501250802
"richard gasquet",0.485342019543974,-0.92121345810855,-0.26783827404179,-0.695776450842608,-0.0773823232534137,-0.175155308160464,-2.0882592591988,2.37612878942874,-0.229738977458421,-0.155403505091437,0.222669817813821,0.486164589928501,0.486022893550615,0.415449410676956,-0.117634208310471
"rinky hijikata",0.428082191780822,-0.889550663695089,0.112911320904485,0.81943677882144,-0.0773823232534137,-0.175155308160464,0.476000272317373,-0.41833253335013,-0.225367124111974,-0.267297975408101,-0.157059992661694,0.428111910175785,0.448767381770487,0.440003335475922,-0.0393354655987175
"roberto bautista agut",0.451851851851852,-1.11702198347345,-0.15548146820733,0.466942623222819,-0.0773823232534137,-0.175155308160464,0.476000272317373,-0.41833253335013,-0.0299237342425563,-0.142855235637323,0.0747891661917626,0.416437178995443,0.450289366142059,0.413820505142212,-0.169448169215069
"roberto carballes baena",0.457547169811321,-0.361157390499824,-0.415392258045142,0.851392264541593,-0.0773823232534137,-0.175155308160464,-2.0882592591988,2.37612878942874,-0.372621814841358,-0.211625603488632,-0.236894748705353,0.484282078263105,0.468279341423494,0.486668914556503,0.184695675130337
"roman safiullin",0.559440559440559,0.518886611761496,0.0598526221970252,1.28064167158762,-0.0773823232534137,-0.175155308160464,0.476000272317373,-0.41833253335013,0.245984877115086,0.375973319124134,0.224718873557458,0.473988825841819,0.46512272736654,0.489106476306915,0.511220317717582
"salvatore caruso",0.333333333333333,-1.24049616313683,-0.851708418320085,0.622354828122522,-0.0773823232534137,5.67503198439904,-2.0882592591988,-0.41833253335013,-0.663282677694276,-0.727083684122896,-0.646451253141052,0.412780678625799,0.436218283289507,0.450695067644119,0.0539717139351144
"sam querrey",0.601769911504425,1.50113392588115,2.29472367937997,-1.07920224334484,-0.0773823232534137,-0.175155308160464,0.476000272317373,-0.41833253335013,-0.0367575196875769,0.263631265596271,0.242569813626282,0.567594571250684,0.527536413630238,0.527589797973633,0.892865403414077
"sebastian baez",0.316872427983539,-1.79134898486739,-0.173914759469242,0.121062619226622,-0.0773823232534137,-0.175155308160464,0.476000272317373,-0.41833253335013,-0.684283643765555,-0.78711064028776,-0.326294029984305,0.400128377182151,0.430488901983955,0.36525547504425,-0.445119920251598
"sebastian korda",0.46264367816092,0.277255678524767,-0.27229883185529,-0.299572047096272,-0.0773823232534137,-0.175155308160464,0.476000272317373,-0.41833253335013,-0.313776769786696,-0.252238431025263,-0.211397507151051,0.478706817147819,0.480636546684277,0.486271977424622,0.286571617620779
"sebastian ofner",0.457894736842105,0.519414600524536,0.319469681791491,0.0366024422454743,-0.0773823232534137,-0.175155308160464,0.476000272317373,-0.41833253335013,-0.402274535903249,-0.201539972934301,-0.133092538608709,0.490007277393331,0.46682381541558,0.46465203166008,0.446862499728981
"stan wawrinka",0.473684210526316,0.527921912424787,-0.178259262998454,-0.438455887606974,-0.0773823232534137,-0.175155308160464,-2.0882592591988,2.37612878942874,-0.566713193994146,-0.330858290072987,-0.158020954127733,0.535618318018836,0.505732612790355,0.485812395811081,0.445457709071038
"stefan kozlov",0.272727272727273,-3.7598116223016,2.39427635922974,0.730615806689932,-0.0773823232534137,5.67503198439904,-2.0882592591988,-0.41833253335013,-0.566181787354662,-1,-1,0.334565007634074,0.424403768899071,0.466261982917786,-0.615028682704183
"stefano travaglia",0.446428571428571,-0.0284714774800766,0.939891392326106,0.987005360313016,-0.0773823232534137,5.67503198439904,-2.0882592591988,-0.41833253335013,-0.371364276144882,-0.143974565169087,-0.165412934114116,0.472935420524644,0.445066197677655,0.460149377584457,0.672357504211481
"stefanos tsitsipas",0.519021739130435,1.15079931734982,-1.31544866687017,-0.504124135682197,-0.0773823232534137,-0.175155308160464,0.476000272317373,-0.41833253335013,-0.104194207194308,-0.0112515492647927,0.139952280805691,0.497076294900715,0.493931355042139,0.466950833797455,0.513669471995184
"steve johnson",0.409448818897638,0.496480026415491,-0.247169102518731,-1.89118049078797,-0.0773823232534137,-0.175155308160464,0.476000272317373,-0.41833253335013,-0.676282112181423,-0.641691232723073,-0.594787003926396,0.49125366035468,0.497067441791064,0.515679359436035,0.260879803625299
"sumit nagal",0.333333333333333,-3.59559242113182,0.603937833750803,0.896323426736148,-0.0773823232534137,-0.175155308160464,0.476000272317373,-0.41833253335013,-0.28100473859745,-0.638279619461309,-0.0453985473567416,0.343453141638392,0.420342033417285,0.321196734905243,-1
"tallon griekspoor",0.531531531531532,0.399354203301613,-0.450987909202626,-0.51142571088584,-0.0773823232534137,-0.175155308160464,0.476000272317373,-0.41833253335013,0.0396673125922478,0.18627951780627,0.243110116015069,0.483496261512673,0.471126856478091,0.457235008478165,0.303120338156032
"taro daniel",0.453237410071942,-0.273349051489673,0.535165363835944,-0.919868873883975,-0.0773823232534137,-0.175155308160464,0.476000272317373,-0.41833253335013,-0.294322221629117,-0.189708187952466,-0.176117061577525,0.465772393837134,0.460051220886876,0.469264447689056,0.104039781832258
"taylor fritz",0.482041587901701,1.31658711593762,-0.305587869482886,-0.768217861510926,-0.0773823232534137,-0.175155308160464,0.476000272317373,-0.41833253335013,-0.431612524632796,-0.321205448579209,-0.318398292773593,0.519474682664319,0.512364270469055,0.528723478317261,0.637843447171046
"tennys sandgren",0.671875,0.778821150107999,0.56303396543851,-2.00652933197686,-0.0773823232534137,-0.175155308160464,-2.0882592591988,2.37612878942874,0.511482549666505,0.643706257072459,0.790734834525907,0.538274268430396,0.529692297797684,0.479591339826584,0.490375007603042
"thanasi kokkinakis",0.541984732824427,1.34549244489986,-1.33750190615701,-0.957544830867988,-0.0773823232534137,-0.175155308160464,0.476000272317373,-0.41833253335013,-0.0456277981364288,0.0676115937127697,-0.0819740939135795,0.509418050812134,0.502795321080226,0.537728428840637,0.55313728210495
"thiago monteiro",0.50462962962963,0.444178060906684,-1.08924982918924,0.246546106667214,-0.0773823232534137,-0.175155308160464,0.476000272317373,-0.41833253335013,-0.060775152395658,0.0590873189417909,0.177647028151643,0.474809977082727,0.466964174212869,0.444437295198441,0.320738079481366
"thiago seyboth wild",0.490566037735849,0.236887574893767,-0.886868181317095,-1.04611847749625,-0.0773823232534137,-0.175155308160464,0.476000272317373,-0.41833253335013,-0.113913000381872,-0.105789499075517,-0.252617469249165,0.470383133075573,0.482376998415073,0.5230752825737,0.171277015228376
"tim van rijthoven",0.461538461538462,0.733651618474149,1.41555570056455,1.11561225277834,-0.0773823232534137,-0.175155308160464,0.476000272317373,-0.41833253335013,-0.486879637159006,-0.347650564355937,-0.577975293445624,0.508994454292264,0.496588959972928,0.564146876335144,0.688016432974378
"tomas machac",0.455089820359281,-0.00967524863716199,-1.76053286778917,0.276373785916032,-0.0773823232534137,-0.175155308160464,0.476000272317373,-0.41833253335013,-0.192076910126291,-0.14668924699335,-0.0631128050463954,0.449082233680183,0.454212773120499,0.446769803762436,0.100553714059059
"tommy paul",0.457253886010363,-0.40471419430846,2.23833204185754,0.768053572818893,-0.0773823232534137,-0.175155308160464,0.476000272317373,-0.41833253335013,-0.318729116449942,-0.164739207952012,-0.00368329104832599,0.474215151625447,0.459603782171701,0.436129629611969,0.307081815503698
"ugo humbert",0.553763440860215,-0.186680852637364,1.1852462677043,1.13698239549109,-0.0773823232534137,-0.175155308160464,0.476000272317373,-0.41833253335013,0.240746467080342,0.328042160165682,0.219584484418687,0.469261712554213,0.468014665385006,0.484535574913025,0.329214527505704
"vasek pospisil",0.630252100840336,1.34045062516681,-1.23650529824597,0.394149322485406,-0.0773823232534137,-0.175155308160464,0.476000272317373,-0.41833253335013,0.547660176643769,0.614833240382131,0.478635960736549,0.490090421028967,0.49323127078078,0.505210936069489,0.652017116777619
"yannick hanfmann",0.36283185840708,0.573140533753009,0.691423921389446,0.0957472643158094,-0.0773823232534137,-0.175155308160464,0.476000272317373,-0.41833253335013,-0.969747784200152,-0.778860247564133,-0.7632750823219,0.497857799359113,0.474973340278212,0.505363583564758,0.500598055073653
"yibing wu",0.338582677165354,0.106701119962021,-0.178185011168121,0.641735760877039,-0.0773823232534137,-0.175155308160464,0.476000272317373,-0.41833253335013,-0.902456241866258,-0.870331876966048,-0.755074180675592,0.461405044714448,0.467077311903286,0.479347497224808,0.295281726073405
"yoshihito nishioka",0.489795918367347,-1.27272009870761,-0.0979904733756389,1.06196963199906,-0.0773823232534137,-0.175155308160464,0.476000272317373,-0.41833253335013,0.228525414370526,0.149196772570037,0.117810320311823,0.40751052377332,0.436020837708734,0.442495554685593,-0.181889629257502
"yosuke watanuki",0.443037974683544,-0.200651278399791,2.35374959645781,0.0298093296694915,-0.0773823232534137,-0.175155308160464,-2.0882592591988,2.37612878942874,-0.774567029370938,-0.484652249732286,-0.488699312640087,0.542667154233071,0.502581417199334,0.526411652565002,0.409268713379207
"yunchaokete bu",0.386363636363636,0.198505261287194,-0.297040580456984,-3.65885719564233,-0.0773823232534137,-0.175155308160464,0.476000272317373,-0.41833253335013,-1,-0.679642033473756,-0.424177005611842,0.526875930032675,0.480767043240372,0.455835819244385,0.0250054087870184
"zizou bergs",0.453781512605042,-0.440633760168489,1.0419229641966,0.171888669759721,-0.0773823232534137,-0.175155308160464,0.476000272317373,-0.41833253335013,-0.247663577129119,-0.28124355626356,-0.355149507153111,0.457854776319115,0.476959871427894,0.508381545543671,0.157255315114197
