"ServerName","win_rate","avg_speed","sd_speed","location_entropy","modal_locationWB_DNCTL","modal_locationWBC_DNCTL","modal_locationWBW_DNCTL","modal_locationWC_DNCTL","performance_lm","performance_rf","performance_xgb","pred_lm","pred_rf","pred_xgb","weighted_avg"
"adam walton",0.470588235294118,-1.18221738606167,0.355775095988072,1.70177326038551,-0.471715455993728,-0.871083080434134,1.38448974235633,-0.210509195725897,0.0994562031801924,0.000835839281928163,-0.073082538378864,0.479856513969409,0.475219678233602,0.460580945014954,-0.0603612011104593
"adrian mannarino",0.51063829787234,-1.22900344185747,-0.264529939439219,0.659482622974342,-0.471715455993728,1.14099614761091,-0.717883570110689,-0.210509195725897,0.156710347528126,0.0281735160463722,0.0537400067002131,0.474923087716705,0.46400212322524,0.455113738775253,-0.126206026784814
"alejandro davidovich fokina",0.463302752293578,0.385832442286205,-0.197391675233521,0.484556123394205,2.10699570343865,-0.871083080434134,-0.717883570110689,-0.210509195725897,-0.271849928984089,-0.0860285331754806,-0.0514035507143883,0.463748581422303,0.470474314913758,0.474318712949753,-0.015281917591733
"alejandro tabilo",0.428571428571429,-1.41516001129508,0.395324927979139,0.43579120708509,-0.471715455993728,1.14099614761091,-0.717883570110689,-0.210509195725897,-0.226189243248976,-0.2542429141788,-0.175803793644427,0.472517956458002,0.468227542401067,0.474953472614288,-0.12147512204631
"aleksandar kovacevic",0.377358490566038,-0.085676763218682,-0.200061397134106,-0.34145857697691,-0.471715455993728,1.14099614761091,-0.717883570110689,-0.210509195725897,-0.469790120387704,-0.259966284480927,-0.259502466071707,0.470797641524531,0.484994163761701,0.50429105758667,-0.00866760781868818
"aleksandar vukic",0.414634146341463,-0.0388099878123208,-0.621840558314751,-2.83346627131885,-0.471715455993728,-0.871083080434134,1.38448974235633,-0.210509195725897,-0.157898231899957,0.106207773374671,0.115339310673282,0.478391518912621,0.502788341527003,0.572332859039307,-0.421412644346534
"alex de minaur",0.551948051948052,-0.3690665487021,-0.87785435440885,-0.00774498243310694,-0.471715455993728,1.14099614761091,-0.717883570110689,-0.210509195725897,0.17664119320619,0.461915677662579,0.411106044229542,0.467990943033483,0.486037258276908,0.513990521430969,-0.0929804067158833
"alex michelsen",0.375,0.127240885857289,-0.691954488157474,0.30841317401307,2.10699570343865,-0.871083080434134,-0.717883570110689,-0.210509195725897,-0.396612371130518,-0.503957798988856,-0.230476240737005,0.474695208550622,0.465569759880453,0.515005588531494,-0.131489060147014
"alex molcan",0.451219512195122,-0.278875107595992,-1.86111889134888,0.921033914159827,-0.471715455993728,-0.871083080434134,1.38448974235633,-0.210509195725897,-0.270056217604445,-0.0205759853810599,0.0153742244217309,0.466135482255118,0.479965885217444,0.50588059425354,-0.186819316639288
"alexander bublik",0.467836257309941,0.362387275862428,4.85594849329661,0.402619876429823,-0.471715455993728,1.14099614761091,-0.717883570110689,-0.210509195725897,0.619181760399745,0.321691645657731,0.0569073285609391,0.504870615531682,0.502733897392876,0.500455439090729,0.647636752186614
"alexander shevchenko",0.522727272727273,-0.343957696887992,-0.921717035576068,-0.401830521786918,-0.471715455993728,-0.871083080434134,1.38448974235633,-0.210509195725897,0.270201953591807,0.373143054736436,0.29631460780165,0.477967396524425,0.488518307974492,0.511640191078186,-0.249170049342408
"alexander zverev",0.50561797752809,1.33238516666863,1.81676781484838,0.147833894865846,-0.471715455993728,1.14099614761091,-0.717883570110689,-0.210509195725897,0.274429685161083,0.314437164971456,0.0932722769020486,0.48142667066074,0.489413498078722,0.471583753824234,0.510131904305901
"alexandre muller",0.376344086021505,-0.891075405380946,0.910503073334554,0.772969543379969,2.10699570343865,-0.871083080434134,-0.717883570110689,-0.210509195725897,-0.0573783551054322,-0.0458238988772257,-0.203675433304905,0.490423980084221,0.503080603926346,0.521242141723633,-0.120438407506738
"alexei popyrin",0.466666666666667,0.743219545248813,0.540440699152441,1.24524553787841,2.10699570343865,-0.871083080434134,-0.717883570110689,-0.210509195725897,-0.062370371113948,0.0439429707584241,-0.00748455354600827,0.47297839265416,0.480111957119133,0.483332902193069,0.205824328790197
"andreas seppi",0.436893203883495,-0.809900864930031,-0.303668571854741,-0.88168910012281,-0.471715455993728,1.14099614761091,-0.717883570110689,-0.210509195725897,-0.28372862455212,-0.391633581553848,-0.166355264699731,0.468221013367338,0.454041110458619,0.469003945589066,-0.214587536313787
"andrey rublev",0.500857632933105,-1.26437154271871,0.282835483388537,-0.128155339819088,-0.471715455993728,-0.871083080434134,1.38448974235633,-0.210509195725897,0.285098708612354,0.0934979924524221,0.104261123383285,0.482836452123081,0.472707916533452,0.479655534029007,-0.278490668113651
"andy murray",0.502824858757062,-0.592789384485949,-0.593748479160575,-0.323760393214996,-0.471715455993728,1.14099614761091,-0.717883570110689,-0.210509195725897,-0.0190760894486366,-0.127809749631807,-0.0500667033336609,0.46812874040699,0.453706949783188,0.433665096759796,-0.141791410246332
"arthur cazaux",0.470588235294118,-0.632776628717655,-0.0163218473459959,-0.600243150796506,-0.471715455993728,1.14099614761091,-0.717883570110689,-0.210509195725897,-0.16750842474846,-0.276069671000908,-0.111303852207991,0.467277005923986,0.452273863001742,0.449696660041809,-0.122819935186713
"arthur fils",0.425925925925926,0.668653270829578,-0.341875570091952,0.701107427961192,-0.471715455993728,1.14099614761091,-0.717883570110689,-0.210509195725897,-0.256640239451882,-0.157739738133211,-0.23610645314388,0.471587172905017,0.477114903306023,0.460527807474136,0.232774677831282
"arthur rinderknech",0.425133689839572,0.657845208914481,0.386812601738983,0.588401786335816,-0.471715455993728,1.14099614761091,-0.717883570110689,-0.210509195725897,-0.125733680930362,-0.351426084875946,-0.359112695143417,0.477906511296313,0.461331763228003,0.426321864128113,0.289499063210962
"aslan karatsev",0.531468531468531,0.985757931001816,-0.374723428401765,1.21241917501338,-0.471715455993728,-0.871083080434134,1.38448974235633,-0.210509195725897,0.421838620329256,0.101890380982069,0.183490859085353,0.483447004670134,0.463098161941248,0.47043564915657,0.230027243639579
"ben shelton",0.497797356828194,1.51402694810385,1.30623346254938,1.24299100164315,-0.471715455993728,1.14099614761091,-0.717883570110689,-0.210509195725897,0.125649127065904,0.105734251001694,0.169935711453902,0.475906222400592,0.474752121030155,0.501535058021545,0.612090911083478
"benjamin bonzi",0.502092050209205,0.828937991485992,-0.349367527228029,0.149327861346814,-0.471715455993728,1.14099614761091,-0.717883570110689,-0.210509195725897,-0.00104281267071147,0.182418874321242,0.0188466131403891,0.469118109259978,0.479660790423584,0.45405039191246,0.203718278828654
"benoit paire",0.380952380952381,-1.12979591766172,-0.772173244601698,1.29196982596089,2.10699570343865,-0.871083080434134,-0.717883570110689,-0.210509195725897,-0.276159894815186,-0.338282172265307,-0.431743579591297,0.479236803832213,0.477294619406537,0.451510548591614,-0.274108948249944
"bernabe zapata miralles",0.541666666666667,-1.49497029027564,1.12421180781535,-0.697214444764192,-0.471715455993728,1.14099614761091,-0.717883570110689,-0.210509195725897,0.294551201974414,0.14113253728734,0.205641681749645,0.475505971086968,0.462916756003536,0.466155201196671,-0.186825428468523
"borna coric",0.446153846153846,0.0979932123155802,-0.124134186152932,-0.297229222212096,-0.471715455993728,-0.871083080434134,1.38448974235633,-0.210509195725897,-0.0864118315588907,0.102797343874398,-0.160492231048015,0.475754127080713,0.491894595805924,0.461058586835861,-0.0761680592715966
"borna gojo",0.540540540540541,0.19529653826464,-0.258058250285252,1.06752960158953,-0.471715455993728,-0.871083080434134,1.38448974235633,-0.210509195725897,0.305357062743473,0.449377701829196,0.331797959120745,0.476229724471779,0.4888386477675,0.503249943256378,0.0750848616054721
"botic van de zandschulp",0.446575342465753,0.345388162792544,0.395902850611979,0.366146602555412,-0.471715455993728,1.14099614761091,-0.717883570110689,-0.210509195725897,-0.166771886964738,0.0714235089096683,-0.140508214070771,0.471887207408744,0.489152901250363,0.466311812400818,0.207040498964529
"brandon nakashima",0.473282442748092,0.587962304204276,0.287200433471934,1.28255301150713,-0.471715455993728,1.14099614761091,-0.717883570110689,-0.210509195725897,-0.0497347450457696,-0.04803243837407,0.0507317839829287,0.472313198034304,0.470263193560933,0.493042260408401,0.340593930452175
"cameron norrie",0.435897435897436,-0.858975950158541,-1.47008686511481,0.177918044152383,-0.471715455993728,1.14099614761091,-0.717883570110689,-0.210509195725897,-0.235407446120692,-0.358002187151077,-0.156540380007421,0.47068766859198,0.457163207165279,0.472832798957825,-0.224185838169742
"carlos alcaraz",0.575438596491228,0.27945464718051,-0.404296617669698,0.0740509435822741,-0.471715455993728,1.14099614761091,-0.717883570110689,-0.210509195725897,0.315138592165318,0.442850689213856,0.30725282090381,0.47004104489801,0.47654931879926,0.460026890039444,0.0855072969050868
"carlos taberner",0.638297872340426,0.0693913123767575,-0.872394603683313,0.748264500499239,2.10699570343865,-0.871083080434134,-0.717883570110689,-0.210509195725897,0.423419205312119,0.660873832979298,0.697745687852567,0.46316586921882,0.473454197083001,0.505963146686554,-0.113103308587821
"casper ruud",0.508860759493671,0.0785124595156948,-0.539635342301669,0.93393808726455,-0.471715455993728,-0.871083080434134,1.38448974235633,-0.210509195725897,0.136189631872589,0.288619022941198,0.221935993657307,0.474294839234822,0.486182388050088,0.504856467247009,0.0111754952767143
"christopher eubanks",0.493975903614458,0.924933117844915,1.80323220130508,0.833105394695797,-0.471715455993728,1.14099614761091,-0.717883570110689,-0.210509195725897,0.312748115084727,0.100642594551816,0.0359614404709733,0.485450573417349,0.47561669641141,0.467350870370865,0.504239500722835
"constant lestienne",0.409090909090909,-0.929070031586458,-0.565411216401343,-0.655182549537033,2.10699570343865,-0.871083080434134,-0.717883570110689,-0.210509195725897,-0.384212187897375,-0.290243945651186,-0.29655558031946,0.468783717679626,0.471802449017788,0.460792869329453,-0.423599378061202
"corentin moutet",0.492957746478873,-1.36686209915366,-0.377793020952388,0.110155750116198,-0.471715455993728,-0.871083080434134,1.38448974235633,-0.210509195725897,0.141780569624376,0.0113577622284856,0.016787586878854,0.477588499366096,0.468560859511103,0.462947845458984,-0.336806898465033
"cristian garin",0.531914893617021,-0.546042672513728,1.01172064665994,0.441682659286387,-0.471715455993728,-0.871083080434134,1.38448974235633,-0.210509195725897,0.595036864034113,0.167343834945548,0.292277798245737,0.491523142043328,0.468371703602577,0.50095146894455,-0.00976556868191216
"daniel altmaier",0.429530201342282,-0.489478736169394,0.0931304037512038,0.270635004671208,-0.471715455993728,-0.871083080434134,1.38448974235633,-0.210509195725897,-0.0492213013364354,-0.00514774886418934,-0.115240315476458,0.480674087511251,0.488546077509086,0.491204679012299,-0.106510247791037
"daniel evans",0.501030927835052,0.342829407324522,-0.0577795660439162,0.32323816246793,-0.471715455993728,1.14099614761091,-0.717883570110689,-0.210509195725897,0.0720165584188995,-0.00463660494401279,0.0136881445360781,0.472762893451497,0.464517638990548,0.453683137893677,0.157879238911007
"daniil medvedev",0.525451559934319,0.0781776121975349,0.709655545952772,0.0281927367584843,-0.471715455993728,-0.871083080434134,1.38448974235633,-0.210509195725897,0.364097619261984,0.320833998957365,0.222538619751534,0.48187271306376,0.483266576343696,0.487802475690842,0.0358275936974879
"david goffin",0.475409836065574,-1.44691359438553,-0.180326134775331,1.26552189827641,-0.471715455993728,-0.871083080434134,1.38448974235633,-0.210509195725897,0.0837073353639973,-0.0415706160653647,-0.0660063196354173,0.478195695723011,0.470082464212189,0.457589954137802,-0.209539694451612
"denis kudla",0.487179487179487,0.391573633526692,-0.817963378680915,0.756296940241355,-0.471715455993728,1.14099614761091,-0.717883570110689,-0.210509195725897,-0.0700762479489031,0.43045410041807,0.143912184994475,0.468706707667296,0.505234595351156,0.505148470401764,0.139533201007429
"denis shapovalov",0.492146596858639,0.844523972011405,0.304796863326235,1.09919862814903,-0.471715455993728,-0.871083080434134,-0.717883570110689,4.7214205327094,0.563463244375682,0.190620638306035,0.103295304944459,0.497612958999677,0.483688578081638,0.488424837589264,0.592258861258943
"diego schwartzman",0.47027027027027,-1.13805135482617,-0.421320692478687,0.384003593598827,-0.471715455993728,1.14099614761091,-0.717883570110689,-0.210509195725897,0.00833725944306772,-0.256874763215068,0.0264500719955492,0.475623529438774,0.45397149507529,0.489254981279373,-0.153501969180355
"dominic stricker",0.4739336492891,-0.380274118921582,-0.386740725902538,0.908093761959606,-0.471715455993728,1.14099614761091,-0.717883570110689,-0.210509195725897,0.025536106431937,0.15960041181712,0.0705722903703313,0.475735915523775,0.487249490412284,0.498016119003296,0.0503878291365878
"dominic thiem",0.547619047619048,0.392677319320719,1.13037535606465,0.479555851648676,-0.471715455993728,-0.871083080434134,1.38448974235633,-0.210509195725897,0.491561406429855,0.309027588518746,0.473711828261869,0.483655005168786,0.474825528463048,0.536313414573669,0.184907861216281
"dominik koepfer",0.394366197183099,0.565458553132087,-1.32127546629745,-1.45548747560682,-0.471715455993728,-0.871083080434134,1.38448974235633,-0.210509195725897,-0.241615910404458,-0.635475202661101,-0.828942903830175,0.478308621224613,0.448151900584139,0.324473023414612,-0.226984861076678
"dusan lajovic",0.449101796407186,-0.799402471682716,-1.62882122781004,-0.451241191766833,-0.471715455993728,-0.871083080434134,1.38448974235633,-0.210509195725897,-0.24785152524436,0.0481190937385511,0.0114378091553257,0.467585295089535,0.486371244142451,0.506958365440369,-0.410060920224564
"egor gerasimov",0.433333333333333,2.00060036311181,0.914647220725189,-0.861849061742413,-0.471715455993728,1.14099614761091,-0.717883570110689,-0.210509195725897,-0.283434977900444,-0.167411294931285,-0.165043723622457,0.468913159570268,0.473819756881126,0.47307351231575,0.442150532436395
"emil ruusuvuori",0.292682926829268,-0.171090768101282,-1.33166752053394,-3.05347668272396,-0.471715455993728,1.14099614761091,-0.717883570110689,-0.210509195725897,-0.982793473778667,-0.999896170570921,-0.511273464653738,0.4627590244926,0.452185883842524,0.520509660243988,-0.424481254823357
"fabian marozsan",0.4625,0.334209564382153,-0.861253607775412,1.18563182134743,2.10699570343865,-0.871083080434134,-0.717883570110689,-0.210509195725897,-0.265205985000623,0.229830665252436,0.137663152486049,0.464214606475086,0.496918280559182,0.528992712497711,-0.0148017679957688
"fabio fognini",0.458333333333333,-0.0365644807395135,0.389852796210325,-0.460721553878493,2.10699570343865,-0.871083080434134,-0.717883570110689,-0.210509195725897,-0.181514629014275,0.0528679458723004,0.0233454503327452,0.468952115769927,0.483656951878276,0.500764548778534,-0.13971794195497
"facundo bagnis",0.476190476190476,0.627026602919065,-1.04289205024411,-1.34655672803485,-0.471715455993728,1.14099614761091,-0.717883570110689,-0.210509195725897,-0.115833385547619,-0.312473325303974,-0.224601897351336,0.468644490482425,0.447371268642182,0.411616176366806,-0.0619093841052269
"facundo diaz acosta",0.5,-0.682312644061326,-1.25865115094803,0.361060043476407,-0.471715455993728,-0.871083080434134,1.38448974235633,-0.210509195725897,0.0731346381661691,0.0170180442207057,-0.0363946293952833,0.473012014308682,0.466659117567708,0.440491437911987,-0.265022843366881
"federico coria",0.456521739130435,-0.156286397360407,-0.507447598345031,-0.566504696632174,2.10699570343865,-0.871083080434134,-0.717883570110689,-0.210509195725897,-0.162754092571021,-0.157090626825577,-0.218301239976216,0.470181308826709,0.466868579417322,0.433831721544266,-0.261059327422781
"federico delbonis",0.454545454545455,0.717461947981134,-1.46914262356604,-0.671391814474144,2.10699570343865,-0.871083080434134,-0.717883570110689,-0.210509195725897,-0.366921136284304,-0.137716504640083,-0.275881700525119,0.460937422407456,0.469139337136866,0.419486433267593,-0.199019273128327
"feliciano lopez",0.527777777777778,2.76167756032167,2.27802659533382,-0.474697198267804,-0.471715455993728,-0.871083080434134,-0.717883570110689,4.7214205327094,0.52633157769824,0.17081729910755,0.208975511408737,0.489074013902615,0.47005229709819,0.481524884700775,0.981773002292945
"filip krajinovic",0.329411764705882,0.326676908837919,0.166314889784307,-0.26574872616679,-0.471715455993728,1.14099614761091,-0.717883570110689,-0.210509195725897,-0.628960558434922,-0.437966271242268,-0.554846234769548,0.472433376718193,0.486385484594474,0.469967275857925,0.113695295706781
"flavio cobolli",0.531645569620253,-0.818541000739236,0.0914762489092083,-0.53156308795409,-0.471715455993728,-0.871083080434134,1.38448974235633,-0.210509195725897,0.230850990766102,0.0385829847821205,-0.000453744386021638,0.474413837713992,0.457792585302823,0.417869925498962,-0.255096893044841
"frances tiafoe",0.517575757575758,-0.677920643501583,0.964510783527365,1.09547276148446,-0.471715455993728,-0.871083080434134,1.38448974235633,-0.210509195725897,0.329833039075521,0.152264389599889,0.339874947105344,0.481758829990652,0.471949428360189,0.529393494129181,0.0302850682030382
"francisco cerundolo",0.506493506493506,-0.581676566660524,0.00399166279545421,-0.235837103529706,2.10699570343865,-0.871083080434134,-0.717883570110689,-0.210509195725897,-0.0579614176810677,-0.00920527446471175,0.0663998454497565,0.465597407922641,0.462300072696523,0.463022261857986,-0.257211496607196
"gabriel diallo",0.428571428571429,1.46435622532068,0.0878482157429098,-0.539490535535154,2.10699570343865,-0.871083080434134,-0.717883570110689,-0.210509195725897,-0.256245067325436,-0.279772351636098,-0.217205123798172,0.471101710853799,0.466112041867075,0.463163614273071,0.108882115754876
"gael monfils",0.460869565217391,0.833220701957322,-0.940005448534581,0.818617204122086,-0.471715455993728,-0.871083080434134,1.38448974235633,-0.210509195725897,0.0669078131267362,0.163556520698906,0.220271619462033,0.480174644708378,0.491975351546827,0.55420994758606,0.103943529206718
"gianluca mager",0.434782608695652,1.27164308841584,1.80097765404533,0.100643286062462,-0.471715455993728,-0.871083080434134,1.38448974235633,-0.210509195725897,0.161128862127805,-0.0612590692646172,-0.127731822792259,0.489585082464372,0.482128176371827,0.482194095849991,0.377326188531056
"grigor dimitrov",0.527220630372493,-0.112130853295633,-0.456195275810327,-0.144579212624864,-0.471715455993728,1.14099614761091,-0.717883570110689,-0.210509195725897,0.120682981822811,0.406615934121576,0.217642111009215,0.470065807968917,0.489779349412802,0.48457133769989,-0.017588500911188
"guido pella",0.488372093023256,-0.513243380683323,-1.35523047802293,-0.710314312772366,-0.471715455993728,1.14099614761091,-0.717883570110689,-0.210509195725897,-0.110584541554084,-0.390745917151076,-0.114722442165674,0.466570693388232,0.436784244899762,0.430258840322495,-0.241890282146758
"hamad medjedovic",0.454545454545455,0.900071779356467,-0.149755425177661,0.442295690150252,-0.471715455993728,-0.871083080434134,-0.717883570110689,4.7214205327094,0.469083923343034,-0.0488852657269732,-0.136065950199968,0.500330402875293,0.476500350620619,0.459301769733429,0.488548042798849
"henri laaksonen",0.537735849056604,-1.42165718049766,0.847241537516528,0.127802794588069,2.10699570343865,-0.871083080434134,-0.717883570110689,-0.210509195725897,0.0110126196740715,-0.0391021282749528,0.138874943914784,0.462894480839526,0.449304898195991,0.451223254203796,-0.296695437301482
"holger rune",0.513157894736842,0.913166826474829,0.907025263921162,-0.0817389347761373,-0.471715455993728,-0.871083080434134,1.38448974235633,-0.210509195725897,0.166207119058663,0.217891905913865,0.0730477762409378,0.47489048812532,0.478874940164966,0.457996010780334,0.202580408226558
"hubert hurkacz",0.485714285714286,0.270241775236687,0.52641547076285,0.958304573538154,-0.471715455993728,1.14099614761091,-0.717883570110689,-0.210509195725897,0.0865478419697447,0.221211589392877,0.109940333367383,0.476366098154707,0.488388945966168,0.496995568275452,0.268607330276108
"hugo dellien",0.392857142857143,-0.50406738832601,-1.13623579313714,-1.54052194975113,-0.471715455993728,1.14099614761091,-0.717883570110689,-0.210509195725897,-0.491877994041799,-0.865692216147971,-0.503065732297991,0.466803685665165,0.429582959125106,0.418839871883392,-0.307490600665379
"hugo gaston",0.444444444444444,-1.06602740511796,1.3058435950146,0.60384266598053,-0.471715455993728,-0.871083080434134,1.38448974235633,-0.210509195725897,0.242435302926423,-0.0236179702584095,-0.178312781352519,0.491575285091554,0.481994644360908,0.457758635282516,-0.0630759506966354
"ilya ivashka",0.518518518518518,-0.637503000823842,-0.217919943224774,-0.0978116506617963,-0.471715455993728,1.14099614761091,-0.717883570110689,-0.210509195725897,0.155883265020341,0.0697504253211447,0.138714288219924,0.47338259205256,0.464794515294606,0.471130132675171,-0.0896739232594649
"jack draper",0.515294117647059,-0.668697056724664,-0.674541686260834,0.475692484418746,-0.471715455993728,-0.871083080434134,1.38448974235633,-0.210509195725897,0.170287721407525,0.236243349590329,0.0963105148418303,0.474675725239899,0.47967647352196,0.462402582168579,-0.193418836461961
"jakub mensik",0.449275362318841,-1.15627371308751,-0.626465874452129,0.519545318744648,-0.471715455993728,1.14099614761091,-0.717883570110689,-0.210509195725897,-0.175777722237494,-0.184782691213634,-0.256015970291014,0.470948377255009,0.467013372839921,0.430615335702896,-0.162445403113497
"james duckworth",0.463768115942029,0.197420906455728,0.628127601840623,-0.227716692377408,-0.471715455993728,-0.871083080434134,1.38448974235633,-0.210509195725897,-0.0189778461473997,0.0366192934231805,0.10002779666599,0.475575369710627,0.480480879675807,0.516958653926849,0.0233331907969549
"jannik sinner",0.553495007132668,-0.0852658628363987,-0.131045165392602,-0.390460437490872,2.10699570343865,-0.871083080434134,-0.717883570110689,-0.210509195725897,0.074387146725455,0.169987108218237,0.212051452808408,0.462877918819492,0.461325770986167,0.455699592828751,-0.192133049103545
"jason kubler",0.476744186046512,-0.704771366614198,-0.927631350341372,0.162350334343628,-0.471715455993728,1.14099614761091,-0.717883570110689,-0.210509195725897,-0.182879727483257,0.199651930638732,0.171192327073838,0.465379727307759,0.489622195176822,0.523751616477966,-0.143707500203858
"jaume munar",0.455882352941176,-1.09064392650434,0.404544976982542,-0.129426257122516,-0.471715455993728,-0.871083080434134,1.38448974235633,-0.210509195725897,-0.0480057031272188,-0.00587204454281423,-0.0677440261377221,0.475710141612272,0.479614579179959,0.477369755506516,-0.233652279697833
"jenson brooksby",0.441025641025641,-1.3070723825334,-0.576623077348039,-0.27938268437964,2.10699570343865,-0.871083080434134,-0.717883570110689,-0.210509195725897,-0.441157088897105,-0.334244087492961,-0.243341665944274,0.460015496506371,0.457405509903178,0.442789971828461,-0.456686989458501
"jeremy chardy",0.512820512820513,2.50329245276452,0.00705904754324742,1.51982964858785,-0.471715455993728,-0.871083080434134,1.38448974235633,-0.210509195725897,0.0701667522713044,0.133505743028989,0.13675298569386,0.470429303414425,0.471995848526199,0.476487636566162,0.58948157009044
"jiri lehecka",0.460674157303371,1.26241892790572,0.304168268951424,-0.545714424410453,2.10699570343865,-0.871083080434134,-0.717883570110689,-0.210509195725897,-0.0770279947665501,-0.131566736777363,-0.178729137440144,0.473429550439888,0.467585704333235,0.440789371728897,0.0907135674716072
"jiri vesely",0.5,2.65343051027863,-0.790399287160188,1.58577877772146,-0.471715455993728,1.14099614761091,-0.717883570110689,-0.210509195725897,0.03550833405149,0.0745830466316198,0.116135953528538,0.471239043863112,0.47142924983338,0.483927577733994,0.662308542599693
"joao sousa",0.409836065573771,-1.05834382204916,-0.31280780452844,0.979251935128882,-0.471715455993728,-0.871083080434134,1.38448974235633,-0.210509195725897,-0.0279186188668727,-0.155058746796258,-0.280416575238314,0.485430465964422,0.482753732397424,0.464615106582642,-0.17884271319465
"john isner",0.476923076923077,2.91327493571899,0.401605011865101,1.26382489855385,2.10699570343865,-0.871083080434134,-0.717883570110689,-0.210509195725897,0.00769811036258083,0.0147945655102148,0.0530951331628069,0.474325764785455,0.474243739029366,0.489935338497162,0.60833953872613
"john millman",0.5,-1.6838573346045,1.92209363149899,-1.78760456690013,2.10699570343865,-0.871083080434134,-0.717883570110689,-0.210509195725897,-0.114844599313871,0.195877336199082,0.123081943901777,0.46415433773707,0.481480318713345,0.485905587673187,-0.446751149181015
"jordan thompson",0.457792207792208,-0.542545888508669,-0.258967485535106,0.0726580554037953,-0.471715455993728,1.14099614761091,-0.717883570110689,-0.210509195725897,-0.0767692515692138,0.147191035635879,-0.0622515651840137,0.473990878673516,0.491655218859219,0.476950913667679,-0.0573467021733713
"juncheng shang",0.434426229508197,-1.88817079347936,1.63261830782222,0.103781773615127,-0.471715455993728,1.14099614761091,-0.717883570110689,-0.210509195725897,0.165510443262156,-0.00864794406098647,-0.103565817423709,0.489859450440118,0.486607780312001,0.489445865154266,-0.126917743696471
"kamil majchrzak",0.45,0.853962796934194,0.196059789444956,-0.804663660879858,2.10699570343865,-0.871083080434134,-0.717883570110689,-0.210509195725897,-0.11548222381162,-0.271557675127704,-0.154495613710742,0.473651456737776,0.459578801189549,0.458772927522659,-0.0253683858173468
"karen khachanov",0.514124293785311,0.648183698394391,-0.48358599439334,0.210208226897245,-0.471715455993728,1.14099614761091,-0.717883570110689,-0.210509195725897,0.126872532335857,0.0694029864235466,0.0680846336602241,0.47285288169269,0.466245045083255,0.455579280853271,0.162687572689357
"kei nishikori",0.509615384615385,-1.17483242964576,-0.806809976018185,-0.186189306847865,-0.471715455993728,-0.871083080434134,1.38448974235633,-0.210509195725897,0.0231554874919398,0.162746844281115,0.163513408533915,0.468824824537464,0.475497926388792,0.487435966730118,-0.373502835881506
"kevin anderson",0.448717948717949,2.15305616079337,0.106890220629974,-0.0983004612065475,-0.471715455993728,-0.871083080434134,1.38448974235633,-0.210509195725897,0.103451468295757,-0.248255075445993,-0.0762885705688584,0.484212009100078,0.461941378396785,0.482375055551529,0.35960782231894
"laslo djere",0.475490196078431,-0.0528113848545272,1.02054158178014,0.387850709826969,-0.471715455993728,-0.871083080434134,1.38448974235633,-0.210509195725897,0.0997739271433756,0.0325452972265212,0.172975120683988,0.478937449578159,0.476197036823583,0.525561273097992,0.0794480723008551
"lloyd harris",0.425531914893617,0.711892995676781,0.31569623944189,-0.453358290225293,-0.471715455993728,-0.871083080434134,1.38448974235633,-0.210509195725897,-0.0326107649954892,-0.312264005095807,-0.285964524668936,0.482218630998903,0.464442871761446,0.446738809347153,0.0670350641929663
"lorenzo musetti",0.537688442211055,-0.399486226642264,-0.258570998095329,0.533645258897562,-0.471715455993728,1.14099614761091,-0.717883570110689,-0.210509195725897,0.268674565569469,0.265888901666014,0.280432285984381,0.475044674867096,0.474593983648033,0.49158376455307,0.0192020007033342
"lorenzo sonego",0.45360824742268,0.162666924204733,-0.77096393996143,0.415252066057035,2.10699570343865,-0.871083080434134,-0.717883570110689,-0.210509195725897,-0.311513887262287,-0.298896696741085,-0.0595767203517619,0.463726818476547,0.456098628924613,0.482056677341461,-0.121002517664091
"luca nardi",0.52,-1.24815027694296,-1.59143160194508,-3.55523568650214,-0.471715455993728,1.14099614761091,-0.717883570110689,-0.210509195725897,-0.649644459058374,-0.439451653863997,-0.205116547497619,0.435143432675955,0.422100668928111,0.371679246425629,-0.708787773762799
"luca van assche",0.392156862745098,-1.18812535119441,-1.11853007227766,0.100830805458952,2.10699570343865,-0.871083080434134,-0.717883570110689,-0.210509195725897,-0.656224840990432,-0.334566689112701,-0.21264132449003,0.459193012938349,0.473830502914288,0.502271115779877,-0.446067200957209
"luciano darderi",0.591836734693878,-0.966275231924492,-0.163587483122916,-2.70715747717564,-0.471715455993728,-0.871083080434134,1.38448974235633,-0.210509195725897,0.400510630462499,0.222328889815771,0.021246975805719,0.47093926334176,0.452755297522231,0.361555427312851,-0.540342403160494
"mackenzie mcdonald",0.467741935483871,-0.129170246032409,0.138718207204335,0.0644497275951108,-0.471715455993728,-0.871083080434134,1.38448974235633,-0.210509195725897,0.118462290581975,0.0202388042841914,-0.0639357000729783,0.481294433715492,0.477785717555027,0.466140896081924,-0.0553491868488114
"marco cecchinato",0.521739130434783,1.05330524655403,-1.84137003420525,-3.4713497581187,2.10699570343865,-0.871083080434134,-0.717883570110689,-0.210509195725897,-0.623147502846434,-0.19400449799615,-0.060868140896558,0.43606060300572,0.441854202979074,0.410951197147369,-0.470048052263311
"marcos giron",0.452054794520548,-1.4888650557592,0.308779047195045,0.292919299662252,-0.471715455993728,1.14099614761091,-0.717883570110689,-0.210509195725897,0.00907247319950181,-0.242519608723696,-0.135590230744318,0.479129009647098,0.46129329604005,0.462023198604584,-0.159201710690569
"mariano navone",0.45,-0.84088470051812,-1.03684097254027,-0.348500852469249,-0.471715455993728,1.14099614761091,-0.717883570110689,-0.210509195725897,-0.168606681874324,-0.346372162706631,-0.132369979823365,0.471148205453913,0.453379287836063,0.465073645114899,-0.234829719300633
"marin cilic",0.604166666666667,0.511645450535184,1.02931470636198,0.675612673785715,-0.471715455993728,1.14099614761091,-0.717883570110689,-0.210509195725897,0.577922610827637,0.598925794504185,0.592983986240244,0.476949619696359,0.479811170071248,0.511567294597626,0.333359352172101
"marton fucsovics",0.480392156862745,0.23274026322749,-0.376952056128749,0.653007159161752,-0.471715455993728,-0.871083080434134,1.38448974235633,-0.210509195725897,0.0800714241024492,0.166485784250159,0.130743672617555,0.477075021983239,0.485645784450982,0.508445501327515,0.0264186323484821
"matteo arnaldi",0.481481481481481,-0.63948691010298,-0.820728149804442,0.548715433375678,-0.471715455993728,-0.871083080434134,1.38448974235633,-0.210509195725897,0.103451036140605,0.0955258443018959,0.13754243753791,0.477969117615748,0.479398956470496,0.509250581264496,-0.194257215806116
"matteo berrettini",0.448369565217391,1.42775464534704,0.0588671402823955,-0.210880312143188,2.10699570343865,-0.871083080434134,-0.717883570110689,-0.210509195725897,-0.189511742988557,-0.362831904288659,-0.148356147200022,0.470473816817729,0.452564236543808,0.462214082479477,0.134165338232951
"mattia bellucci",0.5,0.273111358301154,-0.768323054254696,-1.67165074581735,-0.471715455993728,-0.871083080434134,1.38448974235633,-0.210509195725897,-0.0463041108679908,0.0596342714491109,0.0289800009464757,0.467384000155391,0.470190517411876,0.459108173847198,-0.252099881343714
"max purcell",0.52112676056338,0.0279169368300509,-0.582036868546635,0.776877003180932,-0.471715455993728,1.14099614761091,-0.717883570110689,-0.210509195725897,0.118367985068818,0.395509281164969,0.291064627343527,0.47111787011749,0.490910502666166,0.511806905269623,0.0952773558305858
"maximilian marterer",0.409090909090909,1.6579025795641,-1.3555920496688,-1.94245796066873,-0.471715455993728,1.14099614761091,-0.717883570110689,-0.210509195725897,-0.376135281571146,-0.649533008889066,-0.375328643162226,0.469164305583354,0.442029908733329,0.438360661268234,0.0407614465851866
"michael mmoh",0.473118279569892,0.54525891344762,-0.0463624529856787,0.282444061664434,-0.471715455993728,-0.871083080434134,1.38448974235633,-0.210509195725897,0.0423818535255728,-0.306252199870083,-0.0883944185278323,0.476685058855215,0.448921041315813,0.453593730926514,0.0786111073129968
"mikael ymer",0.489583333333333,-1.37570324415863,-0.800226957133035,-0.415283094070901,2.10699570343865,-0.871083080434134,-0.717883570110689,-0.210509195725897,-0.0489229333855549,0.157488309360663,0.149065547834008,0.469245425788945,0.481805988195927,0.504120171070099,-0.506021459197287
"mikhail kukushkin",0.41025641025641,-1.11753274217254,-0.497968757410006,-0.685437069989171,-0.471715455993728,1.14099614761091,-0.717883570110689,-0.210509195725897,-0.490137555635103,-0.338061823069729,-0.330472257774433,0.463570382455947,0.467447646487669,0.449924319982529,-0.271211851922478
"miomir kecmanovic",0.482142857142857,-0.316348829525295,-0.0506436080937664,0.746082261180534,-0.471715455993728,1.14099614761091,-0.717883570110689,-0.210509195725897,0.0532111548196576,0.239348784306937,0.129469972820281,0.475475768353908,0.49109421242349,0.506265103816986,0.0779518032651248
"nick kyrgios",0.503759398496241,2.22694502026716,2.14596958762731,0.771842319393197,-0.471715455993728,-0.871083080434134,-0.717883570110689,4.7214205327094,0.681256017363131,0.111025253514808,0.0528941768558003,0.500950672572773,0.473183433142027,0.462014973163605,1
"nicolas jarry",0.433734939759036,0.266657677513592,-0.592064339551967,-1.47189527600146,-0.471715455993728,1.14099614761091,-0.717883570110689,-0.210509195725897,-0.256678933074373,-0.32013497928347,-0.0786118422279182,0.470097394503155,0.461029085424109,0.497269749641418,-0.100230859598105
"nikoloz basilashvili",0.55,0.186067338678914,-0.961190314429763,-2.35815569582651,2.10699570343865,-0.871083080434134,-0.717883570110689,-0.210509195725897,-0.0277132520309406,0.243360994165742,0.335376862035085,0.458732846620466,0.468582506492029,0.494447708129883,-0.431119544385602
"norbert gombos",0.5,-0.177863313497339,1.02233347523996,-2.33109363231379,-0.471715455993728,-0.871083080434134,-0.717883570110689,4.7214205327094,0.358144748803523,0.533623012841334,0.344168743301918,0.486441834609624,0.509467663146025,0.548864483833313,0.100708789026635
"novak djokovic",0.532388663967611,-0.0544896934381163,1.42237609165291,0.120995326321054,-0.471715455993728,1.14099614761091,-0.717883570110689,-0.210509195725897,0.327641544504799,0.34916344475978,0.295179785873805,0.478833065833888,0.483278716629401,0.501285970211029,0.204335031762037
"nuno borges",0.572254335260116,-0.435935524526537,0.262849581336505,-0.134644594686151,2.10699570343865,-0.871083080434134,-0.717883570110689,-0.210509195725897,0.15708698033659,0.378191044085869,0.345420107548093,0.463200312747473,0.472263272818621,0.474201887845993,-0.193444421444179
"oscar otte",0.428571428571429,-1.87716288467468,1.65746529334299,-0.335427580619125,-0.471715455993728,-0.871083080434134,1.38448974235633,-0.210509195725897,0.0358829491236795,-0.122811602152844,-0.215204244047287,0.484866930470074,0.479118617115861,0.463733404874802,-0.283937508842906
"pablo andujar",0.408602150537634,-0.364059504938585,-1.42725926313572,0.0250273771212023,-0.471715455993728,1.14099614761091,-0.717883570110689,-0.210509195725897,-0.467399851880038,-0.380212850732452,-0.247866932538284,0.464957002615083,0.464511703741532,0.475165396928787,-0.141921363767775
"pablo carreno busta",0.468085106382979,-0.630094999153863,0.316261359113555,0.26987711558345,-0.471715455993728,1.14099614761091,-0.717883570110689,-0.210509195725897,0.00665129302869694,-0.145378475194996,-0.0390737314724788,0.475960454152847,0.463946288850881,0.472864538431168,0.00291011550700257
"pavel kotov",0.475728155339806,-1.58023068757646,0.259821793170402,-0.21062124263085,-0.471715455993728,1.14099614761091,-0.717883570110689,-0.210509195725897,-0.0120458521361008,-0.162468931021323,-0.0186180795000679,0.473623103587087,0.459957045308392,0.470754206180573,-0.23515026700246
"pedro cachin",0.518518518518518,0.384706255252747,2.19025366794797,-1.45233901671098,-0.471715455993728,1.14099614761091,-0.717883570110689,-0.210509195725897,0.242818213960469,0.0214747100203256,0.210998070728306,0.477479010735836,0.460794141151285,0.491714388132095,0.194784985577914
"pedro martinez",0.473214285714286,-0.26553329609198,0.313943373256706,-0.153464669385297,-0.471715455993728,-0.871083080434134,1.38448974235633,-0.210509195725897,0.0255347524451429,0.0657457193475482,0.0358874021466406,0.475872921621009,0.479714382223326,0.488885790109634,-0.0876011861047001
"peter gojowczyk",0.516666666666667,-0.277609458154954,-1.02568053417426,-0.512870361773073,-0.471715455993728,1.14099614761091,-0.717883570110689,-0.210509195725897,0.0129226282002315,0.153070989874418,0.197328545754176,0.466999072604664,0.472322313816426,0.489744424819946,-0.143826218496196
"philipp kohlschreiber",0.407407407407407,-1.1925016216631,-0.670478380732818,0.0699559403060884,-0.471715455993728,1.14099614761091,-0.717883570110689,-0.210509195725897,-0.273945768927018,-0.34914708755126,-0.293162732878923,0.47430030694867,0.467488184236153,0.4635069668293,-0.221633748047976
"quentin halys",0.418604651162791,1.2618940498955,-0.321724247926742,0.708415304480346,-0.471715455993728,-0.871083080434134,1.38448974235633,-0.210509195725897,-0.223785875969029,-0.344501680682619,-0.276521185105013,0.474530306833711,0.464103562700231,0.456620305776596,0.234053703133476
"radu albot",0.457142857142857,-0.571502590341041,0.678816352982084,-0.326981310962833,-0.471715455993728,-0.871083080434134,1.38448974235633,-0.210509195725897,0.0143166834567894,0.0961315072916617,0.0176775818595449,0.47840662332184,0.487642768221565,0.500386536121368,-0.129041034755492
"rafael nadal",0.533333333333333,1.09189905936313,-0.41993029336359,-1.24534375452307,-0.471715455993728,1.14099614761091,-0.717883570110689,-0.210509195725897,0.0633732071784926,0.188534883372784,0.128863307248145,0.466200607959842,0.469650183683423,0.452943205833435,0.0981331391812163
"reilly opelka",0.470588235294118,1.62209673027482,-0.364880556331347,0.100132287917584,-0.471715455993728,-0.871083080434134,-0.717883570110689,4.7214205327094,0.212515103326787,0.0671629396617897,-0.0257731761849134,0.485183906422244,0.480715883017056,0.474053233861923,0.568865743919577
"richard gasquet",0.45360824742268,-0.130355965007336,-0.846513390008514,0.596897101554453,-0.471715455993728,-0.871083080434134,1.38448974235633,-0.210509195725897,-0.0276175825295711,0.1640829621785,-0.0352838068597466,0.477104155680956,0.494463505444504,0.488974571228027,-0.0944821968909975
"rinky hijikata",0.470873786407767,-1.14046011793907,-0.613270980700066,0.710115630379262,-0.471715455993728,-0.871083080434134,1.38448974235633,-0.210509195725897,0.0332747048835953,-0.031564475118292,-0.174729394474951,0.47668359851098,0.472438690404403,0.431338489055634,-0.25244430772342
"roberto bautista agut",0.569767441860465,-0.0134020515466534,-1.01715753983627,-0.696189762505679,-0.471715455993728,-0.871083080434134,1.38448974235633,-0.210509195725897,0.219273548671798,0.48738925247609,0.47622461124984,0.466604436077172,0.482149213449366,0.514033138751984,-0.22680527981705
"roberto carballes baena",0.514492753623188,-0.386996716927723,-0.536494864676264,0.758346096296299,-0.471715455993728,-0.871083080434134,1.38448974235633,-0.210509195725897,0.245688728217561,0.270588639881402,0.162217503347889,0.478381353279691,0.482792281017164,0.482002943754196,-0.0960802663201166
"roman safiullin",0.525,0.595341623248879,0.610003902366232,1.69488490759391,-0.471715455993728,1.14099614761091,-0.717883570110689,-0.210509195725897,0.456664584025574,0.215939316076538,0.227824423071176,0.486320556888676,0.474726481373336,0.48977655172348,0.41739547300094
"sam querrey",0.406779661016949,1.4420206178958,1.60617049482511,0.646238658620905,-0.471715455993728,-0.871083080434134,1.38448974235633,-0.210509195725897,0.155943064823799,-0.147704048086424,-0.321984717237658,0.49467649868354,0.484392122369994,0.45595109462738,0.449148503978005
"sebastian baez",0.472222222222222,-1.25759864488486,-0.218264726448957,0.177708186215277,-0.471715455993728,1.14099614761091,-0.717883570110689,-0.210509195725897,-0.0606839736679567,-0.00407115612397453,-0.0680069947980232,0.471999282754424,0.47426297593591,0.460329800844193,-0.178600431020212
"sebastian korda",0.510204081632653,0.05242675596219,-0.386647333057338,-0.703569962106307,-0.471715455993728,1.14099614761091,-0.717883570110689,-0.210509195725897,0.000980279044927044,0.179601336740259,0.242550011370909,0.467667745257438,0.476696390880513,0.509332001209259,-0.0391122679360887
"sebastian ofner",0.461538461538462,0.395436533805786,0.414978043271909,0.54533860666324,2.10699570343865,-0.871083080434134,-0.717883570110689,-0.210509195725897,0.045917641327321,-0.0203476764471303,0.01266898618688,0.479058123514751,0.476510918955745,0.494396448135376,0.0525541503763096
"stan wawrinka",0.491666666666667,0.000261835254509969,-0.482257299273547,0.797009463695554,-0.471715455993728,-0.871083080434134,1.38448974235633,-0.210509195725897,0.0670160097807435,0.245233508698534,0.190421226887929,0.474311562148321,0.48837565050213,0.513733983039856,-0.0127962751417538
"stefano travaglia",0.487179487179487,0.515186442457686,1.40358674571907,-0.547008265712919,2.10699570343865,-0.871083080434134,-0.717883570110689,-0.210509195725897,-0.106718123684143,0.169465686486987,0.138382267842075,0.466980123983955,0.483607752614795,0.503573715686798,0.0548603391796452
"stefanos tsitsipas",0.465909090909091,1.08496423362399,-0.403669199049484,1.14426408630776,2.10699570343865,-0.871083080434134,-0.717883570110689,-0.210509195725897,0.0726401314839552,-0.0923568097242165,0.0214633015638138,0.479484506669354,0.469072494733271,0.492362946271896,0.168489474050106
"steve johnson",0.445652173913043,0.813133620506037,-0.336116433274971,0.350024358646747,-0.471715455993728,1.14099614761091,-0.717883570110689,-0.210509195725897,-0.229518289025802,-0.10857278383659,-0.161454985822272,0.469106468833542,0.474548268032449,0.461305290460587,0.223417521456864
"sumit nagal",0.523809523809524,-2.46255782982646,2.72231340861403,-2.18318664724512,-0.471715455993728,-0.871083080434134,-0.717883570110689,4.7214205327094,0.529442160876011,0.428190201967267,0.132847450700745,0.489976710294313,0.492715456844393,0.463965982198715,-0.154180895709104
"tallon griekspoor",0.510204081632653,0.853860311824751,0.587178620626549,0.892138266197436,-0.471715455993728,-0.871083080434134,1.38448974235633,-0.210509195725897,0.314154832427223,0.024188459567856,0.165409550866853,0.482424688319375,0.463818080295046,0.487364709377289,0.26415323886861
"taro daniel",0.529411764705882,-0.104435746847677,0.0515898451979538,1.16821540697014,-0.471715455993728,1.14099614761091,-0.717883570110689,-0.210509195725897,0.314662952600146,0.317403304209385,0.261237134776156,0.478788736191891,0.481649084238177,0.494710922241211,0.173386157535387
"taylor fritz",0.525,0.514714310201354,1.37206051487523,0.859237605494269,-0.471715455993728,1.14099614761091,-0.717883570110689,-0.210509195725897,0.291872445260132,0.584184109602861,0.235391116295113,0.478555468114532,0.505241139545789,0.491931319236755,0.386859471698723
"tennys sandgren",0.212121212121212,0.577461077260044,-0.523307167032075,0.406922847004134,-0.471715455993728,-0.871083080434134,1.38448974235633,-0.210509195725897,-1,-1,-1,0.477298737957646,0.479298465717398,0.46497917175293,0.051691647443771
"thanasi kokkinakis",0.464566929133858,0.323197256932972,0.311573973757309,1.82826697757553,-0.471715455993728,-0.871083080434134,1.38448974235633,-0.210509195725897,0.125470259180386,0.138104411983838,-0.0323445121732813,0.482229628869781,0.488621537431553,0.478433609008789,0.236065650353531
"thiago monteiro",0.401785714285714,0.0788166716443648,-1.0472769096157,0.19422940611544,-0.471715455993728,1.14099614761091,-0.717883570110689,-0.210509195725897,-0.424155513921804,0.126288564285659,-0.0434525660915714,0.468293523798743,0.508777777297027,0.540453732013702,-0.00243134536316581
"thiago seyboth wild",0.555555555555556,-0.184427719200375,1.1492770844379,-1.80700721998428,-0.471715455993728,-0.871083080434134,1.38448974235633,-0.210509195725897,0.399228327924881,0.44753726809972,0.447696565226372,0.477791975611202,0.483631319413628,0.520664870738983,-0.167478569518366
"tim van rijthoven",0.46875,1.6436361864879,-0.129331256885314,-1.0350944196928,-0.471715455993728,1.14099614761091,-0.717883570110689,-0.210509195725897,-0.331396448756626,-0.222827000887645,-0.215097696179503,0.459904782882947,0.457304668414213,0.422047853469849,0.254088105737495
"tomas machac",0.616822429906542,0.0841300935569629,-0.790565284793806,0.356750553378038,-0.471715455993728,1.14099614761091,-0.717883570110689,-0.210509195725897,0.500512483109963,0.580043301834916,0.48584626487575,0.470890544711249,0.473985893617505,0.467917680740356,0.0408825202684527
"tommy paul",0.498896247240618,-0.654973884028713,-0.049114406027186,0.192608179814476,-0.471715455993728,1.14099614761091,-0.717883570110689,-0.210509195725897,0.117382879488192,0.00437030891479629,0.0633538289763923,0.475307326453809,0.465982640672584,0.470042794942856,-0.0455957187680012
"ugo humbert",0.40650406504065,-0.314803220760894,0.0499286101936059,-0.948840012816781,-0.471715455993728,1.14099614761091,-0.717883570110689,-0.210509195725897,-0.357241634614427,-0.468200246756831,-0.252401980597862,0.470547489526396,0.457926938103167,0.476052314043045,-0.0929319556088428
"vasek pospisil",0.457446808510638,1.99048559160088,0.0204138414151115,1.68910639538813,-0.471715455993728,1.14099614761091,-0.717883570110689,-0.210509195725897,-0.137040508316555,0.00232952935519466,-0.0478085940778192,0.471216680140887,0.479767528181786,0.481422454118729,0.625657382644854
"yannick hanfmann",0.412698412698413,1.00644925255448,1.25498474872247,0.7751606712374,-0.471715455993728,1.14099614761091,-0.717883570110689,-0.210509195725897,-0.203901093737811,0.0335704239555728,-0.100134441556861,0.476592681883087,0.4974209038029,0.512982189655304,0.460323076520851
"yibing wu",0.546666666666667,0.00260532809049414,-1.63622150870757,0.759677064005647,-0.471715455993728,-0.871083080434134,1.38448974235633,-0.210509195725897,0.234283387573356,0.439058800417912,0.185085386489264,0.471713404827214,0.485921203724041,0.4551100730896,-0.128485305967055
"yoshihito nishioka",0.443181818181818,-1.44874717670876,-0.375798452064679,-0.763572746773416,-0.471715455993728,1.14099614761091,-0.717883570110689,-0.210509195725897,-0.282632068119714,-0.250214507734543,-0.0965620770206055,0.467074430441209,0.463642753905225,0.482349723577499,-0.330872750933416
"yosuke watanuki",0.483333333333333,0.4304601630029,0.298420572516585,0.334686178116728,-0.471715455993728,-0.871083080434134,1.38448974235633,-0.210509195725897,0.140558768203115,0.024026229658335,0.0515475550115598,0.479364794751494,0.472850702675742,0.482839107513428,0.0957945994291059
"yunchaokete bu",0.325,-0.637503000823842,-0.159240706224089,-1.47266933690205,-0.471715455993728,1.14099614761091,-0.717883570110689,-0.210509195725897,-0.740949065185373,-0.778978235675766,-0.454614432989702,0.467997053876893,0.459612703964134,0.503090858459473,-0.230753352468073
"zizou bergs",0.477064220183486,-0.0758018607915299,2.95154890651535,0.433883239596821,-0.471715455993728,-0.871083080434134,1.38448974235633,-0.210509195725897,0.25821171635837,-0.0543687185519939,0.0466856191779375,0.486103198471761,0.468464997447537,0.487963557243347,0.267645299799968
