"ServerName","win_rate","avg_speed","sd_speed","location_entropy","modal_locationWB_DNCTL","modal_locationWBC_DNCTL","modal_locationWBW_DNCTL","modal_locationWC_DNCTL","modal_locationWW_DCTL","overperf_lm","overperf_rf","overperf_xgb","pred_lm","pred_rf","pred_xgb","rf_weighted_baseline"
"adrian mannarino",0.506134969325153,-1.9694509032147,2.03551514365857,0.321892963464853,-0.181089448698018,-0.223644375566856,-0.353718980430959,0.633449624647684,-0.32456914940173,-0.0170826256572543,-0.0133256168515192,0.00218282374867629,0.523217594982408,0.519460586176673,0.503952145576477,0.179357925462676
"alejandro davidovich fokina",0.567114093959732,-0.38423378248198,-0.573119562964204,1.40995758440573,-0.181089448698018,-0.223644375566856,2.80448620198832,-1.56602823871233,-0.32456914940173,0.0425597410981354,0.0389772521560015,0.0504611522559352,0.524554352861596,0.52813684180373,0.516652941703796,-0.112214520438749
"alejandro tabilo",0.57,-0.264244161329328,0.468154845528301,0.821009797356239,-0.181089448698018,-0.223644375566856,-0.353718980430959,0.633449624647684,-0.32456914940173,0.0273608149080313,0.0212594218640277,0.00887746334075923,0.542639185091969,0.548740578135972,0.561122536659241,0.172622615652265
"aleksandar kovacevic",0.493827160493827,0.368853587172067,0.106065294152465,-1.05163413325931,-0.181089448698018,-0.223644375566856,-0.353718980430959,0.633449624647684,-0.32456914940173,-0.0410089923765211,-0.0597006694165092,-0.0446506775455711,0.534836152870348,0.553527829910336,0.538477838039398,0.0539994438699763
"aleksandar vukic",0.461538461538462,0.273076352198721,-1.60520312191555,0.177517601906692,-0.181089448698018,-0.223644375566856,-0.353718980430959,0.633449624647684,-0.32456914940173,-0.0710522449685725,-0.0783074619524972,-0.0599826299227201,0.532590706507034,0.539845923490959,0.521521091461182,-0.411634225305545
"alex de minaur",0.578125,-0.00597922821350015,0.725142416072704,1.18057470127269,-0.181089448698018,4.43561344874265,-0.353718980430959,-1.56602823871233,-0.32456914940173,0.0331462387008679,0.0412198885438694,0.050060510635376,0.544978761299132,0.536905111456131,0.528064489364624,0.0800263506244187
"alex molcan",0.505882352941176,-0.652147376380098,-0.0891532082903905,-0.0127192661081104,-0.181089448698018,-0.223644375566856,-0.353718980430959,0.633449624647684,-0.32456914940173,-0.0242325609951934,-0.0304497773791048,0.00896674429669098,0.53011491393637,0.536332130320281,0.496915608644485,-0.186001188481337
"alexander bublik",0.579964850615114,1.7940390186799,1.37879999276634,0.314303787081561,-0.181089448698018,-0.223644375566856,-0.353718980430959,0.633449624647684,-0.32456914940173,0.00600481689070664,0.0323154699470779,0.0522112590776387,0.573960033724408,0.547649380668036,0.527753591537476,0.967489881291154
"alexander zverev",0.643500643500644,2.40792340217422,-0.028756170691084,-0.102815049015333,-0.181089448698018,-0.223644375566856,-0.353718980430959,0.633449624647684,-0.32456914940173,0.0768602794266265,0.0819173149177396,0.0699613268464382,0.566640364074017,0.561583328582904,0.573539316654205,0.638875526389377
"alexandre muller",0.505703422053232,-1.35656481864602,1.07606025021127,0.721634162151213,-0.181089448698018,-0.223644375566856,-0.353718980430959,-1.56602823871233,3.05635949019963,-0.0401826659278547,-0.0329487561262929,-0.0518810424967864,0.545886087981087,0.538652178179525,0.557584464550018,0.0374209060768893
"alexei popyrin",0.53968253968254,1.10629447363436,-2.1045797900153,-0.46026589764736,-0.181089448698018,-0.223644375566856,-0.353718980430959,0.633449624647684,-0.32456914940173,0.00230335620009292,0.0142072129843499,-0.00699957968696718,0.537379183482447,0.52547532669819,0.546682119369507,-0.409107472061904
"aljaz bedene",0.535714285714286,-0.242937500180555,1.04717755128312,-0.391059875991705,-0.181089448698018,-0.223644375566856,-0.353718980430959,0.633449624647684,-0.32456914940173,-0.00209620418180267,-0.007299882408214,0.00232209478105816,0.537810489896088,0.5430141681225,0.533392190933228,0.25487052313613
"andrey rublev",0.583418628454452,0.0297501870240273,1.70770321050626,0.619126583786266,-0.181089448698018,-0.223644375566856,-0.353718980430959,0.633449624647684,-0.32456914940173,0.0346579831830029,0.0510567387954342,0.0829603283407744,0.548760645271449,0.532361889659018,0.500458300113678,0.632183937160706
"andy murray",0.561247216035635,-0.627000706380185,1.57684953187379,-0.0831155104765577,-0.181089448698018,-0.223644375566856,-0.353718980430959,0.633449624647684,-0.32456914940173,0.0238965494149583,0.0455816306999507,0.112801001836569,0.537350666620676,0.515665585335684,0.448446214199066,0.351557393804129
"arthur fils",0.487179487179487,0.499056091655406,0.909392575884894,-1.54359989317079,-0.181089448698018,-0.223644375566856,-0.353718980430959,-1.56602823871233,3.05635949019963,-0.0547030831339035,-0.0620458132084479,-0.0533836193573781,0.541882570313391,0.549225300387935,0.540563106536865,0.271177477353741
"arthur rinderknech",0.559633027522936,0.915611546461943,0.377253374755579,-0.285922289207756,-0.181089448698018,-0.223644375566856,-0.353718980430959,0.633449624647684,-0.32456914940173,0.00933703827758825,-0.00130076005811353,0.000948797672166712,0.550295989245348,0.560933787581049,0.558684229850769,0.356406253744916
"aslan karatsev",0.528,0.748357758250228,-0.908446362918024,-0.718107416699901,-0.181089448698018,-0.223644375566856,-0.353718980430959,0.633449624647684,-0.32456914940173,-0.0111225809832062,0.00917843067784718,0.048540714263916,0.539122580983206,0.518821569322153,0.479459285736084,-0.141962351319625
"ben shelton",0.578347578347578,0.909432571754728,-0.0129979025602859,-0.271074125408226,-0.181089448698018,-0.223644375566856,2.80448620198832,-1.56602823871233,-0.32456914940173,0.0366342625983606,0.048932281505734,0.0307997611173537,0.541713315749218,0.529415296841844,0.547547817230225,0.259605899139396
"benoit paire",0.493827160493827,-0.732982266649417,1.02128031095404,-0.429432055146583,-0.181089448698018,-0.223644375566856,-0.353718980430959,-1.56602823871233,3.05635949019963,-0.0504927226826196,-0.0276655755064366,-0.0382317937450645,0.544319883176447,0.521492736000264,0.532058954238892,0.0809453575591346
"borna coric",0.476744186046512,0.926332105393986,-1.45956378022465,-1.17803835127462,-0.181089448698018,-0.223644375566856,-0.353718980430959,0.633449624647684,-0.32456914940173,-0.0591699273248711,-0.0627431112825366,-0.081639219162076,0.535914113371383,0.539487297329048,0.558383405208588,-0.314170101169992
"botic van de zandschulp",0.552486187845304,0.79704247492387,-0.0553040119584941,0.711562935682316,-0.181089448698018,-0.223644375566856,-0.353718980430959,0.633449624647684,-0.32456914940173,-0.000734543069652371,-0.0102977247346623,-0.0287582808436609,0.553220730914956,0.562783912579966,0.581244468688965,0.276032423090536
"brandon nakashima",0.582633053221289,0.0796114358951631,-1.11223413175179,-1.2332601432225,-0.181089448698018,-0.223644375566856,-0.353718980430959,-1.56602823871233,3.05635949019963,0.0538501660365994,0.065426099281202,0.0815175522943171,0.528782887184689,0.517206953940087,0.501115500926971,-0.464094429901812
"cameron norrie",0.565696302124312,-0.946082777397306,0.187588674980244,0.760098899746894,-0.181089448698018,-0.223644375566856,-0.353718980430959,0.633449624647684,-0.32456914940173,0.0402402872882207,0.0245839919537615,0.0173911482775708,0.525456014836091,0.54111231017055,0.548305153846741,-0.104674239250259
"carlos alcaraz",0.590546347452425,0.761863958446861,0.0675482548471771,1.38856561072758,-0.181089448698018,-0.223644375566856,-0.353718980430959,0.633449624647684,-0.32456914940173,0.0377399697889147,0.0327722964854159,0.017370201898836,0.55280637766351,0.557774050967009,0.573176145553589,0.367820420368018
"casper ruud",0.557333333333333,-0.111747715973617,-0.986066511302064,0.60552904531142,-0.181089448698018,-0.223644375566856,-0.353718980430959,0.633449624647684,-0.32456914940173,0.0222052345414366,0.030872103193486,0.0337347219785055,0.535128098791897,0.526461230139847,0.523598611354828,-0.275387118142436
"christopher eubanks",0.571428571428571,1.52913611497068,-1.73890259611078,-1.13882056457205,-0.181089448698018,-0.223644375566856,-0.353718980430959,0.633449624647684,-0.32456914940173,0.0287596796256044,0.0596404450321854,0.0912056309836251,0.542668891802967,0.511788126396386,0.480222940444946,-0.240421698696957
"cristian garin",0.543624161073825,-0.407518706287029,0.0332652879834029,1.23876364188067,-0.181089448698018,-0.223644375566856,2.80448620198832,-1.56602823871233,-0.32456914940173,0.0153377815776546,0.00228804870127375,-0.0299921051767849,0.528286379496171,0.541336112372552,0.57361626625061,0.0615908465034441
"daniel evans",0.564453125,-0.397133956459642,-0.953371969467648,0.927370575810826,-0.181089448698018,-0.223644375566856,-0.353718980430959,0.633449624647684,-0.32456914940173,0.03983613717644,0.0260400145950794,0.0385032892227173,0.52461698782356,0.538413110404921,0.525949835777283,-0.311472413040828
"daniil medvedev",0.58573717948718,0.412076898951631,0.747065055516643,-0.835946408373718,-0.181089448698018,-0.223644375566856,-0.353718980430959,0.633449624647684,-0.32456914940173,0.0421141821808758,0.0417014921081852,0.0419589984111297,0.543622997306304,0.544035687378994,0.54377818107605,0.291808139955555
"david goffin",0.580693815987934,-1.36159263348516,0.0538455442905994,0.454966356719936,-0.181089448698018,-0.223644375566856,-0.353718980430959,0.633449624647684,-0.32456914940173,0.0552396074138263,0.0461178302423936,0.0442450392659793,0.525454208574107,0.53457598574554,0.536448776721954,-0.286006267242907
"denis kudla",0.511904761904762,-0.416695030939268,1.08428050430643,-1.49548955117322,-0.181089448698018,-0.223644375566856,-0.353718980430959,0.633449624647684,-0.32456914940173,-0.0219565033656913,-0.0186198798790895,-0.00360961187453501,0.533861265270453,0.530524641783851,0.515514373779297,0.120274128397764
"denis shapovalov",0.590069284064665,0.397905639896678,0.0446621761812324,0.616336110544414,-0.181089448698018,-0.223644375566856,-0.353718980430959,0.633449624647684,-0.32456914940173,0.0381376681824623,0.0302497054891268,0.0180622240137007,0.551931615882203,0.559819578575538,0.572007060050964,0.193497629525938
"diego schwartzman",0.549356223175966,-2.62384233292884,-0.788718825992766,1.74116760122726,-0.181089448698018,-0.223644375566856,-0.353718980430959,0.633449624647684,-0.32456914940173,0.0321959325885944,0.0209063162131993,0.046096862385713,0.517160290587371,0.528449906962766,0.503259360790253,-0.776438992872054
"dominic stricker",0.516129032258065,-1.11852476120634,0.790223485458391,-0.210051508514061,-0.181089448698018,-0.223644375566856,2.80448620198832,-1.56602823871233,-0.32456914940173,-0.00596844024517584,-0.000246565971368629,-0.00543264996620918,0.52209747250324,0.516375598229433,0.521561682224274,-0.0149942057410861
"dominic thiem",0.567741935483871,0.482286554428758,-0.150843215256792,-0.959171890051748,-0.181089448698018,-0.223644375566856,-0.353718980430959,0.633449624647684,-0.32456914940173,0.0299873986207742,0.0296411353748895,0.0364508678836207,0.537754536863097,0.538100800108981,0.53129106760025,0.00970998992740318
"dominik koepfer",0.50561797752809,-0.368878904405189,-3.19601604652131,2.03239029228724,5.47795582311504,-0.223644375566856,-0.353718980430959,-1.56602823871233,-0.32456914940173,-0.022095344399639,-0.0168290036439862,-0.0358492122607285,0.527713321927729,0.522446981172076,0.541467189788818,-1.05928819575133
"dusan lajovic",0.475903614457831,-1.03752729075066,-0.316624584369671,-0.0179739703983979,-0.181089448698018,-0.223644375566856,-0.353718980430959,0.633449624647684,-0.32456914940173,-0.0474830976554902,-0.0507693265633354,-0.0546724358236934,0.523386712113322,0.526672941021167,0.530576050281525,-0.362297727197811
"elias ymer",0.483870967741935,-0.763474999782937,0.533330355975691,-0.175351278706216,-0.181089448698018,-0.223644375566856,2.80448620198832,-1.56602823871233,-0.32456914940173,-0.0426018709830257,-0.0434695510736794,-0.0386756812372515,0.526472838724961,0.527340518815615,0.522546648979187,-0.000288692408663699
"emil ruusuvuori",0.560386473429952,0.781897544030665,0.564370734831564,1.510769821654,-0.181089448698018,4.43561344874265,-0.353718980430959,-1.56602823871233,-0.32456914940173,-0.00996655986408468,0.00456511909523094,-0.0294055397383832,0.570353033294036,0.555821354334721,0.589792013168335,0.26765958456393
"fabian marozsan",0.5,-0.453535425438927,-0.315257167924046,1.2758595240806,-0.181089448698018,-0.223644375566856,-0.353718980430959,0.633449624647684,-0.32456914940173,-0.0451156027105325,-0.0420390182100179,-0.070409893989563,0.545115602710532,0.542039018210018,0.570409893989563,-0.0890132665349243
"fabio fognini",0.528169014084507,-1.14847461095287,-0.848342389560366,0.878948211508934,-0.181089448698018,-0.223644375566856,2.80448620198832,-1.56602823871233,-0.32456914940173,0.0125482670910145,0.00208651814692207,0.00501982175128557,0.515620746993492,0.526082495937585,0.523149192333221,-0.452416595835968
"facundo diaz acosta",0.49,-0.694934958882068,-1.70308739026813,1.44228097586941,-0.181089448698018,4.43561344874265,-0.353718980430959,-1.56602823871233,-0.32456914940173,-0.0514271223528741,-0.0364660086365366,-0.0114917850494385,0.541427122352874,0.526466008636537,0.501491785049438,-0.862446132549153
"federico delbonis",0.520833333333333,-0.313793542436668,-0.909237615947332,0.362559892446388,-0.181089448698018,-0.223644375566856,-0.353718980430959,0.633449624647684,-0.32456914940173,-0.0113531885049006,-0.0144978874117736,-0.0184574524561564,0.532186521838234,0.535331220745107,0.53929078578949,-0.32640853075127
"feliciano lopez",0.524390243902439,0.978923232907594,-0.633271081561657,1.29745394479576,-0.181089448698018,-0.223644375566856,-0.353718980430959,0.633449624647684,-0.32456914940173,-0.0282092924846435,-0.0138765225261404,0.0226046675589027,0.552599536387083,0.538266766428579,0.501785576343536,0.191243080551039
"frances tiafoe",0.563146997929607,0.253565665045158,1.93764303885439,0.962395802750866,-0.181089448698018,-0.223644375566856,-0.353718980430959,0.633449624647684,-0.32456914940173,0.00662991120381895,0.0284699609479554,0.0542828931818344,0.556517086725788,0.534677036981651,0.508864104747772,0.797037998254946
"francisco cerundolo",0.512,-0.693020777559613,-0.979710978654374,1.03336730261284,-0.181089448698018,-0.223644375566856,2.80448620198832,-1.56602823871233,-0.32456914940173,-0.0217535289921957,-0.018781493167814,-0.0286637787818909,0.533753528992196,0.530781493167814,0.540663778781891,-0.359656605016854
"gael monfils",0.578231292517007,-0.376002400785002,0.432109184250747,-0.607122795616098,-0.181089448698018,-0.223644375566856,-0.353718980430959,0.633449624647684,-0.32456914940173,0.0444250615366527,0.0338658771597332,0.0140545542548303,0.533806230980354,0.544365415357274,0.564176738262177,0.00150401034069433
"gijs brouwer",0.54639175257732,-0.466910575572931,0.275541908094759,0.143511760534975,-0.181089448698018,-0.223644375566856,-0.353718980430959,0.633449624647684,-0.32456914940173,0.0118303180262824,0.0164413868156603,0.0237732800011782,0.534561434551037,0.529950365761659,0.522618472576141,-0.00494381914803305
"grigor dimitrov",0.635542168674699,0.694677079928746,1.06697570283451,0.989370729486183,-0.181089448698018,-0.223644375566856,-0.353718980430959,0.633449624647684,-0.32456914940173,0.0784150975230122,0.0837305067898362,0.0699465418436441,0.557127071151687,0.551811661884863,0.565595626831055,0.635986513321267
"guido pella",0.504672897196262,0.0645656770515407,-0.7521987445785,0.977029671239942,-0.181089448698018,4.43561344874265,-0.353718980430959,-1.56602823871233,-0.32456914940173,-0.0472956819124547,-0.0318180431674897,-0.0148712274070099,0.551968579108716,0.536490940363751,0.519544124603271,-0.396143253719538
"holger rune",0.585464333781965,0.696376013239181,-0.0607268514471823,0.360970890340032,-0.181089448698018,-0.223644375566856,-0.353718980430959,0.633449624647684,-0.32456914940173,0.0358553952834606,0.0256978021505492,0.0129897945020273,0.549608938498504,0.559766531631416,0.572474539279938,0.215659349993858
"hubert hurkacz",0.570117955439056,0.739998581098951,1.66877415650247,0.417856405082246,-0.181089448698018,-0.223644375566856,-0.353718980430959,0.633449624647684,-0.32456914940173,0.0115599486846942,0.00591334958998402,0.0646184136795654,0.558558006754362,0.564204605849072,0.505499541759491,0.790174407701042
"hugo dellien",0.471910112359551,-0.191440748110052,-0.601931641322708,-0.629491093896434,-0.181089448698018,-0.223644375566856,-0.353718980430959,0.633449624647684,-0.32456914940173,-0.0545892069189849,-0.0662691610221504,-0.0838082499718398,0.526499319278535,0.538179273381701,0.55571836233139,-0.284927268360347
"ilya ivashka",0.480225988700565,-0.19605821083165,0.353244396401679,0.229489246073391,-0.181089448698018,-0.223644375566856,-0.353718980430959,0.633449624647684,-0.32456914940173,-0.0595606734570141,-0.0674372119382387,-0.0650188242648281,0.539786662157579,0.547663200638804,0.545244812965393,0.099939672593746
"jack draper",0.534562211981567,-0.0346306137553848,1.56611119555266,-0.234822326962609,-0.181089448698018,-0.223644375566856,-0.353718980430959,0.633449624647684,-0.32456914940173,-0.0114112628389871,0.00541505311906387,0.0277051744373163,0.545973474820554,0.529147158862503,0.50685703754425,0.491802627495677
"jack sock",0.570342205323194,0.891506496843675,0.545348216376839,-0.526012782961528,-0.181089448698018,-0.223644375566856,-0.353718980430959,0.633449624647684,-0.32456914940173,0.021061555802064,0.0105456428347424,-0.0022339002714411,0.54928064952113,0.559796562488452,0.572576105594635,0.382388278440574
"james duckworth",0.554959785522788,0.271110786549157,0.905293264348513,1.36089227645058,-0.181089448698018,-0.223644375566856,-0.353718980430959,0.633449624647684,-0.32456914940173,0.00732470581046563,-0.00476499785172146,0.000721108497946932,0.547635079712323,0.55972478337451,0.554238677024841,0.504992955735891
"jannik sinner",0.596868884540117,0.479758037026295,-0.0228421070020759,1.12827268270986,-0.181089448698018,-0.223644375566856,-0.353718980430959,0.633449624647684,-0.32456914940173,0.0537696340911148,0.0289091843851592,0.0380102514987356,0.543099250449003,0.567959700154958,0.558858633041382,0.240012375471916
"jason kubler",0.559485530546624,0.0926798736843683,-0.253936846258278,-0.666070171656958,-0.181089448698018,-0.223644375566856,-0.353718980430959,0.633449624647684,-0.32456914940173,0.0260807010482128,0.0251025264703634,0.0709121283802572,0.533404829498411,0.53438300407626,0.488573402166367,-0.100486694244303
"jaume munar",0.504901960784314,0.015939438124373,1.09414292290585,0.732167752977746,-0.181089448698018,-0.223644375566856,2.80448620198832,-1.56602823871233,-0.32456914940173,-0.0354574773294771,-0.0325847224938975,-0.0544737425504946,0.540359438113791,0.537486683278211,0.559375703334808,0.470262721407096
"jenson brooksby",0.5,-3.01109435905459,0.176798681356531,-1.33844496502831,-0.181089448698018,-0.223644375566856,-0.353718980430959,0.633449624647684,-0.32456914940173,0.00572075716192616,-0.026443402374967,-0.0361433625221252,0.494279242838074,0.526443402374967,0.536143362522125,-0.847886494974314
"jiri lehecka",0.569444444444444,0.25475597362286,-0.498507238652286,1.21802812624728,-0.181089448698018,-0.223644375566856,-0.353718980430959,-1.56602823871233,3.05635949019963,0.0220422715127041,0.0272530670710009,0.0298045542505052,0.54740217293174,0.542191377373443,0.539639890193939,0.0031522760316792
"jiri vesely",0.53125,1.98671343754701,-0.194557030294275,-1.12032979244157,-0.181089448698018,-0.223644375566856,-0.353718980430959,0.633449624647684,-0.32456914940173,-0.0256693776541589,-0.0202986872815644,-0.0465698838233948,0.556919377654159,0.551548687281564,0.577819883823395,0.380952302296624
"john isner",0.552631578947368,1.9334542806859,0.0367417191671957,-0.775602161373324,-0.181089448698018,-0.223644375566856,-0.353718980430959,0.633449624647684,-0.32456914940173,-0.0061669728920366,-0.00860286526263387,-0.0315726179825632,0.558798551839405,0.561234444210002,0.584204196929932,0.472710791324536
"john millman",0.481132075471698,-1.22512706857383,1.51557869794579,0.120521302041101,-0.181089448698018,-0.223644375566856,-0.353718980430959,0.633449624647684,-0.32456914940173,-0.0485499836966099,-0.0283013354688365,0.0180267545412172,0.529682059168308,0.509433410940535,0.463105320930481,0.191278571688274
"jordan thompson",0.544857768052516,-0.515538052884658,1.4287295079306,-0.303481434090557,-0.181089448698018,-0.223644375566856,-0.353718980430959,0.633449624647684,-0.32456914940173,0.00975032338707971,0.0113241959023684,0.00258710765212578,0.535107444665437,0.533533572150148,0.542270660400391,0.313399231972777
"juncheng shang",0.564625850340136,0.137538591761822,0.418325250224727,0.385482078494736,-0.181089448698018,-0.223644375566856,-0.353718980430959,0.633449624647684,-0.32456914940173,0.0198315791573851,0.0113384723540797,0.00606327356935354,0.544794271182751,0.553287377986056,0.558562576770782,0.223797397277752
"karen khachanov",0.565,0.591753798806746,-1.50366816336083,0.968086365354825,-0.181089448698018,-0.223644375566856,-0.353718980430959,0.633449624647684,-0.32456914940173,0.0229345666439683,0.0442038530589426,0.0602043890953063,0.542065433356032,0.520796146941057,0.504795610904694,-0.222320257054017
"kei nishikori",0.528455284552846,-1.46535403504642,-0.0379963113800795,0.244596455322539,-0.181089448698018,-0.223644375566856,-0.353718980430959,-1.56602823871233,3.05635949019963,-0.000176956343056922,-0.00525619441189984,-0.00793555645438715,0.528632240895902,0.533711478964745,0.536390841007233,-0.394126282459592
"kevin anderson",0.459459459459459,1.45037082460361,-0.918962927838029,-1.80972146475739,-0.181089448698018,-0.223644375566856,-0.353718980430959,0.633449624647684,-0.32456914940173,-0.0789798189566486,-0.0682039110730964,-0.0469181779268625,0.538439278416108,0.527663370532556,0.506377637386322,-0.0579082309360344
"laslo djere",0.610294117647059,0.138508033833147,0.373021030907402,-0.744127849363286,-0.181089448698018,-0.223644375566856,-0.353718980430959,0.633449624647684,-0.32456914940173,0.0745509406039853,0.0665193675625354,0.109818472581751,0.535743177043074,0.543774750084523,0.500475645065308,0.106792213371109
"liam broady",0.5,-2.26351808206995,1.66183192063072,-0.510373263411528,-0.181089448698018,-0.223644375566856,-0.353718980430959,0.633449624647684,-0.32456914940173,-0.0164517974174002,-0.0105914275197784,0.0111678838729858,0.5164517974174,0.510591427519778,0.488832116127014,-0.0949673253520304
"lloyd harris",0.462686567164179,0.82941048081455,-0.720834253749068,-0.781070835898627,-0.181089448698018,-0.223644375566856,-0.353718980430959,0.633449624647684,-0.32456914940173,-0.079243950380036,-0.0660000782493492,-0.0583400441639459,0.541930517544215,0.528686645413528,0.521026611328125,-0.0656313664671489
"lorenzo musetti",0.538461538461538,-0.163809014770157,0.147879678787785,-0.316446812365645,-0.181089448698018,-0.223644375566856,-0.353718980430959,0.633449624647684,-0.32456914940173,0.003436610047716,-0.00667303509054584,-0.0178670562230624,0.535024928413822,0.545134573552084,0.556328594684601,-0.0073260130128772
"lorenzo sonego",0.518115942028985,0.558229617765352,0.62619995986999,1.11851148656605,-0.181089448698018,-0.223644375566856,-0.353718980430959,0.633449624647684,-0.32456914940173,-0.0379018364098982,-0.0525484727357877,-0.0665189580640931,0.556017778438884,0.570664414764773,0.584634900093079,0.46929859979422
"lucas pouille",0.508474576271186,-0.529958483887292,-0.604139999342927,0.594774348033474,-0.181089448698018,-0.223644375566856,-0.353718980430959,0.633449624647684,-0.32456914940173,-0.0162533361674078,-0.0304169035927248,-0.0309131862753529,0.524727912438594,0.538891479863911,0.539387762546539,-0.264387251114262
"marco cecchinato",0.533333333333333,0.413163340006713,-1.55590349814424,-2.26696959979808,-0.181089448698018,-0.223644375566856,2.80448620198832,-1.56602823871233,-0.32456914940173,0.0134610086777464,0.0181218836471266,0.0961671491463979,0.519872324655587,0.515211449686207,0.437166184186935,-0.551286503617755
"marcos giron",0.422535211267606,-0.860336401322513,1.60177025540658,0.0144286438292374,-0.181089448698018,-0.223644375566856,-0.353718980430959,0.633449624647684,-0.32456914940173,-0.115288255583566,-0.0991555842544501,-0.112108379182681,0.537823466851172,0.521690795522056,0.534643590450287,0.306420976169472
"marin cilic",0.591133004926108,0.558665218034169,0.953866867150103,0.733786462599982,-0.181089448698018,-0.223644375566856,-0.353718980430959,0.633449624647684,-0.32456914940173,0.0379985482639362,0.0276039920886045,0.0297342603429785,0.553134456662172,0.563529012837504,0.56139874458313,0.540122171067922
"marton fucsovics",0.558558558558559,-0.0919678423082315,0.0551284458540533,0.799493638266639,-0.181089448698018,-0.223644375566856,2.80448620198832,-1.56602823871233,-0.32456914940173,0.0289773406241846,0.0271565672253974,0.0120188346854201,0.529581217934374,0.531401991333161,0.546539723873138,0.112619148622325
"matteo berrettini",0.590191188694929,1.66906306262018,-0.206976690025494,0.204379431444196,-0.181089448698018,-0.223644375566856,-0.353718980430959,0.633449624647684,-0.32456914940173,0.0316719883301293,0.0399788103929328,0.0341977509279006,0.5585192003648,0.550212378301997,0.555993437767029,0.412875095445083
"mattia bellucci",0.571428571428571,-0.23040417009304,-0.670179965995066,-0.10466475838555,-0.181089448698018,-0.223644375566856,-0.353718980430959,-1.56602823871233,3.05635949019963,0.0374044218494898,0.0435569483795204,0.0871820194380624,0.534024149579082,0.527871623049051,0.484246551990509,-0.301400036369583
"max purcell",0.532258064516129,0.0083723076592536,1.03153151803726,0.0502256796413354,-0.181089448698018,-0.223644375566856,-0.353718980430959,0.633449624647684,-0.32456914940173,-0.0101112108491129,-0.00964292596232874,0.00852152801329087,0.542369275365242,0.541900990478458,0.523736536502838,0.356742638026576
"maxime cressy",0.603448275862069,2.01748197712314,-0.510464440076911,-1.06609591774877,-0.181089448698018,-0.223644375566856,-0.353718980430959,-1.56602823871233,3.05635949019963,0.0455143653642658,0.0664388881935453,0.0757185261825035,0.557933910497803,0.537009387668524,0.527729749679565,0.260386742674356
"maximilian marterer",0.5,1.23930454019817,-0.863336343462075,-0.078944923724704,-0.181089448698018,-0.223644375566856,-0.353718980430959,0.633449624647684,-0.32456914940173,-0.0488202012846025,-0.0305403954499925,-0.031527578830719,0.548820201284603,0.530540395449993,0.531527578830719,0.0611977060070552
"mikael ymer",0.525547445255474,-0.31639512327144,-0.644918481357395,1.84686750609298,-0.181089448698018,-0.223644375566856,-0.353718980430959,0.633449624647684,-0.32456914940173,-0.0260050513461313,-0.0117823149696025,0.0139611367761654,0.551552496601606,0.537329760225077,0.511586308479309,-0.106974083051857
"miomir kecmanovic",0.475,0.0740275692485529,-0.724463854153444,-0.135428103564275,-0.181089448698018,-0.223644375566856,-0.353718980430959,0.633449624647684,-0.32456914940173,-0.0591997675095468,-0.0477604423159972,-0.0595642566680908,0.534199767509547,0.522760442315997,0.534564256668091,-0.208964455621442
"nick kyrgios",0.557692307692308,1.65247304236645,-0.330946244852744,-2.95446753698362,-0.181089448698018,-0.223644375566856,-0.353718980430959,0.633449624647684,-0.32456914940173,0.0128726811549057,0.0131385416571743,0.033625799875993,0.544819626537402,0.544553766035133,0.524066507816315,0.0814265957448193
"nicolas jarry",0.519553072625698,2.00534395583035,-0.603386313046039,0.425682639237708,-0.181089448698018,-0.223644375566856,-0.353718980430959,0.633449624647684,-0.32456914940173,-0.0448963248678701,-0.0221767725388033,-0.0453421400246008,0.564449397493568,0.541729845164502,0.564895212650299,0.394555209661001
"nikoloz basilashvili",0.540229885057471,-0.614517341254724,0.444422301254695,-1.0476421271871,-0.181089448698018,-0.223644375566856,2.80448620198832,-1.56602823871233,-0.32456914940173,0.0240040096404228,0.019834871273512,0.0132930559673529,0.516225875417048,0.520395013783959,0.526936829090118,-0.0686260521246601
"novak djokovic",0.612646370023419,0.0416213928421387,0.91039090193448,-0.443744468252383,-0.181089448698018,-0.223644375566856,-0.353718980430959,0.633449624647684,-0.32456914940173,0.0717796636682878,0.0808716167551097,0.0852434326111572,0.540866706355131,0.531774753268309,0.527402937412262,0.281626642107616
"oscar otte",0.415584415584416,0.486015479082894,-0.900433568121283,2.5043841472796,-0.181089448698018,-0.223644375566856,-0.353718980430959,0.633449624647684,-0.32456914940173,-0.153018650785816,-0.122504946670279,-0.117084711403042,0.568603066370232,0.538089362254694,0.532669126987457,0.0837146250043675
"pablo andujar",0.540229885057471,-0.862040788124117,-2.2984535558377,-0.193146508525573,-0.181089448698018,4.43561344874265,-0.353718980430959,-1.56602823871233,-0.32456914940173,0.0290760850270227,0.0159066732522755,0.0461501163997869,0.511153800030449,0.524323211805196,0.494079768657684,-1.24749346100442
"pedro cachin",0.5,0.0149412209140787,0.914828146563284,-1.53003451630315,-0.181089448698018,-0.223644375566856,-0.353718980430959,0.633449624647684,-0.32456914940173,-0.0382395825712428,-0.0386414127379228,-0.0333988070487976,0.538239582571243,0.538641412737923,0.533398807048798,0.177248025704601
"pedro martinez",0.526785714285714,-1.58635381893592,-1.04667818180027,0.0450419650924512,-0.181089448698018,-0.223644375566856,2.80448620198832,-1.56602823871233,-0.32456914940173,0.0245432638342405,0.00456262669006979,0.018797082560403,0.502242450451474,0.522223087595645,0.507988631725311,-0.708578575512374
"philipp kohlschreiber",0.552238805970149,-1.49546272985572,0.0348944714440001,0.682870068259655,-0.181089448698018,-0.223644375566856,-0.353718980430959,-1.56602823871233,3.05635949019963,0.0225320934487508,0.0224964718794345,0.00387434550185706,0.529706712521398,0.529742334090715,0.548364460468292,-0.338796852312888
"quentin halys",0.584745762711864,0.798207582012172,-0.566618834758604,-0.13462381593305,-0.181089448698018,-0.223644375566856,-0.353718980430959,0.633449624647684,-0.32456914940173,0.0408553535364846,0.0518722080452717,0.0261524299443778,0.54389040917538,0.532873554666593,0.558593332767487,0.034551223181677
"radu albot",0.555555555555556,-1.00917972598536,0.581965871022819,-1.65195547320875,-0.181089448698018,4.43561344874265,-0.353718980430959,-1.56602823871233,-0.32456914940173,0.0548637026094185,0.0293393842873002,0.0393970343801711,0.500691852946137,0.526216171268255,0.516158521175385,-0.490274286188661
"rafael nadal",0.592380952380952,-0.318023541341205,-1.17398375416461,-0.0205061980341738,-0.181089448698018,-0.223644375566856,-0.353718980430959,0.633449624647684,-0.32456914940173,0.0703639593207414,0.0697866832885974,0.064488780044374,0.522016993060211,0.522594269092355,0.527892172336578,-0.447722220661865
"ricardas berankis",0.512,-0.897838179062471,-0.5733216151728,0.230584055740828,-0.181089448698018,-0.223644375566856,-0.353718980430959,0.633449624647684,-0.32456914940173,-0.0146118261038258,-0.0139990795628763,-0.0077319984436035,0.526611826103826,0.525999079562876,0.519731998443604,-0.385353083557574
"richard gasquet",0.507177033492823,-0.775440479572948,-1.18889307309822,-1.39215475771438,-0.181089448698018,-0.223644375566856,-0.353718980430959,0.633449624647684,-0.32456914940173,-0.0109735850951382,-0.018289187398878,0.00341949708153755,0.518150618587961,0.525466220891701,0.503757536411285,-0.698792512973898
"roberto bautista agut",0.514124293785311,-1.46609588911414,-0.867823777709868,0.464226968939078,-0.181089448698018,-0.223644375566856,-0.353718980430959,0.633449624647684,-0.32456914940173,-0.00619761876278024,-0.0208560303402178,-0.0182613535115947,0.520321912548091,0.534980324125529,0.532385647296906,-0.610178764286984
"roberto carballes baena",0.5,0.0868293141849694,0.21262678826937,0.0865417643282323,-0.181089448698018,-0.223644375566856,2.80448620198832,-1.56602823871233,-0.32456914940173,-0.036112709534741,-0.0345579228057344,-0.0476092100143433,0.536112709534741,0.534557922805734,0.547609210014343,0.146158839001754
"roger federer",0.57103825136612,-0.73460453628872,-0.520098422838245,-1.60061678660149,-0.181089448698018,-0.223644375566856,-0.353718980430959,0.633449624647684,-0.32456914940173,0.0599117834233477,0.0499219879192353,0.0636411957402047,0.511126467942772,0.521116263446885,0.507397055625916,-0.491199366324721
"roman safiullin",0.575916230366492,1.06931886313502,-0.520532798697819,0.854607277935183,-0.181089448698018,-0.223644375566856,-0.353718980430959,-1.56602823871233,3.05635949019963,0.0131181329964039,0.021719343716049,-0.00345128805849559,0.562798097370088,0.554196886650443,0.579367518424988,0.179592886336675
"salvatore caruso",0.481132075471698,-0.315439482547863,-0.0809712504904682,-0.39451795462436,5.47795582311504,-0.223644375566856,-0.353718980430959,-1.56602823871233,-0.32456914940173,-0.0725429367293359,-0.0660613247658632,-0.0847032216359984,0.553675012201034,0.547193400237561,0.565835297107697,-0.261051986885978
"sam querrey",0.545454545454545,0.749836898363035,1.69565599740462,-0.58680673343232,-0.181089448698018,-0.223644375566856,-0.353718980430959,0.633449624647684,-0.32456914940173,-0.00927850268120423,-0.0101440220319113,0.027647240595384,0.55473304813575,0.555598567486457,0.517807304859161,0.710161003468552
"sebastian korda",0.562264150943396,-0.429658320892561,-1.19759421200564,-1.20640190054675,-0.181089448698018,-0.223644375566856,-0.353718980430959,0.633449624647684,-0.32456914940173,0.0393568448051145,0.0328235866650927,0.0543240373989321,0.522907306138282,0.529440564278304,0.507940113544464,-0.592784607352099
"stan wawrinka",0.532530120481928,0.0314161345007195,0.731254767501404,0.534894769770048,-0.181089448698018,-0.223644375566856,-0.353718980430959,0.633449624647684,-0.32456914940173,-0.0131860690382791,-0.0275335301794879,-0.0519822324614927,0.545716189520207,0.560063650661416,0.58451235294342,0.310077018297386
"stefan kozlov",0.480519480519481,-1.9843971042824,-1.34981856718916,-0.671030004851525,-0.181089448698018,-0.223644375566856,-0.353718980430959,-1.56602823871233,3.05635949019963,-0.0393602549206412,-0.0580589138600525,-0.0506583382556965,0.519879735440122,0.538578394379533,0.531177818775177,-1.03838251076651
"stefanos tsitsipas",0.587831207065751,0.738324743094939,0.0204765518771613,-0.0540365242998662,-0.181089448698018,-0.223644375566856,-0.353718980430959,0.633449624647684,-0.32456914940173,0.0399846854403021,0.0286900389310017,0.0193685968209998,0.547846521625449,0.559141168134749,0.568462610244751,0.215286063522505
"steve johnson",0.466666666666667,0.187183600550028,-0.329346029362092,-2.77285757487027,-0.181089448698018,-0.223644375566856,2.80448620198832,-1.56602823871233,-0.32456914940173,-0.0581079452882312,-0.0696790902538724,-0.0645379145940145,0.524774611954898,0.536345756920539,0.531204581260681,-0.261787375789473
"tallon griekspoor",0.530864197530864,0.581540400778359,-1.04776499269341,0.239602830802883,-0.181089448698018,-0.223644375566856,-0.353718980430959,-1.56602823871233,3.05635949019963,-0.0243756532463973,-0.00425267552334696,-0.000741046151997105,0.555239850777262,0.535116873054211,0.531605243682861,-0.176009262504631
"taro daniel",0.52212389380531,-0.805550923799252,1.02274397784559,-1.9263700283116,-0.181089448698018,-0.223644375566856,-0.353718980430959,0.633449624647684,-0.32456914940173,-0.00507917125041446,-0.0011479231210012,-0.00199894040031767,0.527203065055724,0.523271816926311,0.524122834205627,-0.0421127014483392
"taylor fritz",0.58744769874477,0.777222651497649,1.04329956652308,0.163061412918504,-0.181089448698018,-0.223644375566856,-0.353718980430959,0.633449624647684,-0.32456914940173,0.0328401633321396,0.0233576233616657,0.0593421417798956,0.55460753541263,0.564090075383104,0.528105556964874,0.575207271363784
"tennys sandgren",0.5,0.375183551862731,0.385351878860526,-0.314489518427107,-0.181089448698018,-0.223644375566856,-0.353718980430959,0.633449624647684,-0.32456914940173,-0.0437003848271698,-0.0579990966794481,-0.0371853113174438,0.54370038482717,0.557999096679448,0.537185311317444,0.212737324505173
"thanasi kokkinakis",0.488095238095238,0.739789518044948,1.51795678148352,0.257105000582949,-0.181089448698018,-0.223644375566856,-0.353718980430959,0.633449624647684,-0.32456914940173,-0.0687819197962806,-0.0755546631435818,-0.0843559361639477,0.556877157891519,0.56364990123882,0.572451174259186,0.726873451202154
"thiago seyboth wild",0.547169811320755,-0.148400074691975,-1.99047915119801,-1.66542302034627,-0.181089448698018,-0.223644375566856,-0.353718980430959,0.633449624647684,-0.32456914940173,0.028753208902485,0.0209678218762243,0.000728196692916572,0.51841660241827,0.52620198944453,0.546441614627838,-0.815417120691553
"tim van rijthoven",0.56989247311828,2.02546660444151,-0.0865212570486944,-0.86775124147286,-0.181089448698018,-0.223644375566856,-0.353718980430959,0.633449624647684,-0.32456914940173,0.0111128131127555,0.0173314548752113,0.0107184719013912,0.558779660005524,0.552561018243068,0.559174001216888,0.449049138829976
"tommy paul",0.577720207253886,-1.01031616783268,0.784482330455185,0.941814990029809,5.47795582311504,-0.223644375566856,-0.353718980430959,-1.56602823871233,-0.32456914940173,0.022427578542264,0.0299983209193767,0.0531573119558819,0.555292628711622,0.547721886334509,0.524562895298004,-0.0452609894488882
"ugo humbert",0.568265682656827,-0.359052643988644,0.124899018908984,0.335422620610278,-0.181089448698018,-0.223644375566856,-0.353718980430959,0.633449624647684,-0.32456914940173,0.0296111957780347,0.0286267944018811,0.00835198779827551,0.538654486878792,0.539638888254945,0.559913694858551,-0.00740852311824891
"yannick hanfmann",0.548672566371681,0.314583942992292,-0.390322822130136,-0.0516274099467794,-0.181089448698018,-0.223644375566856,-0.353718980430959,0.633449624647684,-0.32456914940173,0.00828188841072008,0.0129877019405642,-0.017459442657707,0.540390677960961,0.535684864431117,0.566132009029388,-0.0296346419289456
"yibing wu",0.495145631067961,0.286686958129184,1.78165340150564,0.860866685927115,-0.181089448698018,-0.223644375566856,-0.353718980430959,0.633449624647684,-0.32456914940173,-0.0611921986392245,-0.0606997882201904,-0.0735882995198074,0.556337829707186,0.555845419288152,0.568733930587769,0.746312436165391
"yoshihito nishioka",0.578571428571429,-2.25738546333729,0.597626591965182,1.31505216660135,5.47795582311504,-0.223644375566856,-0.353718980430959,-1.56602823871233,-0.32456914940173,0.0619307246192106,0.0376597220662157,0.0697057144982475,0.516640703952218,0.540911706505213,0.508865714073181,-0.403163049943405
"yosuke watanuki",0.563636363636364,0.878174055209558,0.666650790653991,-1.29763169863087,-0.181089448698018,-0.223644375566856,-0.353718980430959,0.633449624647684,-0.32456914940173,0.0218500177524437,0.0178030282899634,0.0501659523357044,0.54178634588392,0.5458333353464,0.513470411300659,0.347841989268293
