"ServerName","serve_efficiency","avg_speed","sd_speed","location_entropy","modal_locationWB_DNCTL","modal_locationWBC_DNCTL","modal_locationWBW_DNCTL","modal_locationWC_DNCTL","modal_locationWW_DCTL","overperf_lm","overperf_rf","overperf_xgb","pred_lm","pred_rf","pred_xgb","weighted_avg"
"adrian mannarino",0.273006134969325,-1.9694509032147,2.03551514365857,0.321892963464853,-0.181089448698018,-0.223644375566856,-0.353718980430959,0.633449624647684,-0.32456914940173,-0.340665483967033,-0.402976716205218,-0.333684368868661,0.322030109531822,0.321138441742956,0.31195530295372,-0.597524835551457
"alejandro davidovich fokina",0.348993288590604,-0.38423378248198,-0.573119562964204,1.40995758440573,-0.181089448698018,-0.223644375566856,2.80448620198832,-1.56602823871233,-0.32456914940173,0.135194123946706,0.266011406305372,0.325289737947933,0.329537976546124,0.31722037939092,0.311023980379105,-0.101147293105815
"alejandro tabilo",0.43,-0.264244161329328,0.468154845528301,0.821009797356239,-0.181089448698018,-0.223644375566856,-0.353718980430959,0.633449624647684,-0.32456914940173,0.43235376559288,0.506611991768368,0.438059524177309,0.367781486519848,0.369489298457191,0.37886768579483,-0.0797164844377558
"aleksandar kovacevic",0.320987654320988,0.368853587172067,0.106065294152465,-1.05163413325931,-0.181089448698018,-0.223644375566856,-0.353718980430959,0.633449624647684,-0.32456914940173,-0.543954056324951,-0.55431065338985,-0.644873402610694,0.399266174087382,0.387195574887954,0.396260231733322,0.11925810487367
"aleksandar vukic",0.333333333333333,0.273076352198721,-1.60520312191555,0.177517601906692,-0.181089448698018,-0.223644375566856,-0.353718980430959,0.633449624647684,-0.32456914940173,-0.30448727762954,-0.370848501677402,-0.459044819262425,0.377151029154138,0.377628184949991,0.386915147304535,0.0351204323655967
"alex de minaur",0.366586538461538,-0.00597922821350015,0.725142416072704,1.18057470127269,-0.181089448698018,4.43561344874265,-0.353718980430959,-1.56602823871233,-0.32456914940173,0.0321952317366927,-0.0634066599158805,-0.233796305616267,0.36195343562026,0.374159950730371,0.393876314163208,-0.00818887022229637
"alex molcan",0.341176470588235,-0.652147376380098,-0.0891532082903905,-0.0127192661081104,-0.181089448698018,-0.223644375566856,-0.353718980430959,0.633449624647684,-0.32456914940173,-0.123574971000918,-0.0570694071012334,-0.0201059017483816,0.358959711098438,0.347992949306542,0.343523323535919,-0.225469750963783
"alexander bublik",0.478031634446397,1.7940390186799,1.37879999276634,0.314303787081561,-0.181089448698018,-0.223644375566856,-0.353718980430959,0.633449624647684,-0.32456914940173,0.210985103263129,0.647297737859072,0.360098618500177,0.447669508483444,0.400717159342471,0.435999274253845,0.631058052294686
"alexander zverev",0.507078507078507,2.40792340217422,-0.028756170691084,-0.102815049015333,-0.181089448698018,-0.223644375566856,-0.353718980430959,0.633449624647684,-0.32456914940173,0.272343060423051,0.38384338110345,0.181950766418984,0.467886572776926,0.461231522304106,0.485840380191803,0.791669535192893
"alexandre muller",0.35361216730038,-1.35656481864602,1.07606025021127,0.721634162151213,-0.181089448698018,-0.223644375566856,-0.353718980430959,-1.56602823871233,3.05635949019963,-0.0908765530097428,0.0606243254262325,-0.0691221242019644,0.366689893200866,0.346371082364163,0.361680418252945,-0.402657076591901
"alexei popyrin",0.404761904761905,1.10629447363436,-2.1045797900153,-0.46026589764736,-0.181089448698018,-0.223644375566856,-0.353718980430959,0.633449624647684,-0.32456914940173,0.0639625374221426,-0.0105373596938188,0.132784104670629,0.39555728041599,0.406020507080528,0.389262735843658,0.296291730712238
"aljaz bedene",0.416666666666667,-0.242937500180555,1.04717755128312,-0.391059875991705,-0.181089448698018,-0.223644375566856,-0.353718980430959,0.633449624647684,-0.32456914940173,0.233744879940565,0.318933023403538,0.0802185996607116,0.383029261095432,0.378572698689412,0.407303184270859,-0.0549307332098391
"andrey rublev",0.417604912998976,0.0297501870240273,1.70770321050626,0.619126583786266,-0.181089448698018,-0.223644375566856,-0.353718980430959,0.633449624647684,-0.32456914940173,0.193073512920883,0.521381784435861,0.557821221191109,0.389820381158817,0.35533007927913,0.352493464946747,0.0557537049880112
"andy murray",0.374164810690423,-0.627000706380185,1.57684953187379,-0.0831155104765577,-0.181089448698018,-0.223644375566856,-0.353718980430959,0.633449624647684,-0.32456914940173,0.0743414384365381,0.26816177689967,-0.00401782015375027,0.363466595114216,0.342135057129863,0.3746337890625,-0.166151376032823
"arthur fils",0.316239316239316,0.499056091655406,0.909392575884894,-1.54359989317079,-0.181089448698018,-0.223644375566856,-0.353718980430959,-1.56602823871233,3.05635949019963,-1,-0.791485322903901,-0.893047606402491,0.46014580770894,0.41077583122108,0.42047992348671,0.207914010616442
"arthur rinderknech",0.440366972477064,0.915611546461943,0.377253374755579,-0.285922289207756,-0.181089448698018,-0.223644375566856,-0.353718980430959,0.633449624647684,-0.32456914940173,0.168743012200986,-0.0095547976453634,-0.1444350883994,0.416083757631204,0.441508215712548,0.457226097583771,0.308962816108082
"aslan karatsev",0.424,0.748357758250228,-0.908446362918024,-0.718107416699901,-0.181089448698018,-0.223644375566856,-0.353718980430959,0.633449624647684,-0.32456914940173,0.188520992650774,0.0655244899109976,0.187099554795491,0.396870605379256,0.416173630081457,0.402160882949829,0.214131377054295
"ben shelton",0.452991452991453,0.909432571754728,-0.0129979025602859,-0.271074125408226,-0.181089448698018,-0.223644375566856,2.80448620198832,-1.56602823871233,-0.32456914940173,0.373149181443639,0.288127806429528,0.308447780700819,0.399292863495137,0.418576918822643,0.416988015174866,0.345212378721516
"benoit paire",0.345679012345679,-0.732982266649417,1.02128031095404,-0.429432055146583,-0.181089448698018,-0.223644375566856,-0.353718980430959,-1.56602823871233,3.05635949019963,-0.29845004263844,-0.269795806575592,-0.423469502308939,0.388627910860737,0.377903937524042,0.395108312368393,-0.19743668701414
"borna coric",0.348837209302326,0.926332105393986,-1.45956378022465,-1.17803835127462,-0.181089448698018,-0.223644375566856,-0.353718980430959,0.633449624647684,-0.32456914940173,-0.468939596218664,-0.453286408053091,-0.88664623447557,0.416320661305336,0.40297860152514,0.452330619096756,0.256318271832569
"botic van de zandschulp",0.414364640883978,0.79704247492387,-0.0553040119584941,0.711562935682316,-0.181089448698018,-0.223644375566856,-0.353718980430959,0.633449624647684,-0.32456914940173,0.0455332744298628,-0.0998797090269673,-0.182262909961593,0.407812107115653,0.426294463630607,0.435639202594757,0.256388104685038
"brandon nakashima",0.464985994397759,0.0796114358951631,-1.11223413175179,-1.2332601432225,-0.181089448698018,-0.223644375566856,-0.353718980430959,-1.56602823871233,3.05635949019963,0.43385815590422,0.738996257645781,0.936320443578617,0.402550989386102,0.376718873377651,0.355694383382797,0.00689163906678003
"cameron norrie",0.360346184107002,-0.946082777397306,0.187588674980244,0.760098899746894,-0.181089448698018,-0.223644375566856,-0.353718980430959,0.633449624647684,-0.32456914940173,0.103779968630825,0.0598068320743181,0.187868931883963,0.345411572936513,0.353202742134305,0.338417261838913,-0.314526127374489
"carlos alcaraz",0.421117249846532,0.761863958446861,0.0675482548471771,1.38856561072758,-0.181089448698018,-0.223644375566856,-0.353718980430959,0.633449624647684,-0.32456914940173,0.169792774844382,0.0859282283663994,0.0910569538540317,0.396682967341785,0.410853818531706,0.410488665103912,0.248475271740646
"casper ruud",0.424,-0.111747715973617,-0.986066511302064,0.60552904531142,-0.181089448698018,-0.223644375566856,-0.353718980430959,0.633449624647684,-0.32456914940173,0.440727389849261,0.64650582811691,0.540874627070691,0.360576467632228,0.346780112104501,0.360866636037827,-0.0736152861662533
"christopher eubanks",0.46031746031746,1.52913611497068,-1.73890259611078,-1.13882056457205,-0.181089448698018,-0.223644375566856,-0.353718980430959,0.633449624647684,-0.32456914940173,0.299212655323467,0.536891214048457,0.747693339354225,0.41725881688655,0.396190150774625,0.373043268918991,0.447773738175061
"cristian garin",0.288590604026846,-0.407518706287029,0.0332652879834029,1.23876364188067,-0.181089448698018,-0.223644375566856,2.80448620198832,-1.56602823871233,-0.32456914940173,-0.482782933378434,-0.54018641128293,-0.610294572687744,0.358066202110749,0.353111498205694,0.359826982021332,-0.0903192388985107
"daniel evans",0.392578125,-0.397133956459642,-0.953371969467648,0.927370575810826,-0.181089448698018,-0.223644375566856,-0.353718980430959,0.633449624647684,-0.32456914940173,0.300176033246696,0.445329160013828,0.258712152063498,0.349380845232199,0.339387161643911,0.362380057573318,-0.167302331750607
"daniil medvedev",0.390224358974359,0.412076898951631,0.747065055516643,-0.835946408373718,-0.181089448698018,-0.223644375566856,-0.353718980430959,0.633449624647684,-0.32456914940173,-0.140568694115776,-0.146884282142915,-0.330153032711893,0.410453106555027,0.4077684974916,0.428761333227158,0.153211838157866
"david goffin",0.392156862745098,-1.36159263348516,0.0538455442905994,0.454966356719936,-0.181089448698018,-0.223644375566856,-0.353718980430959,0.633449624647684,-0.32456914940173,0.475731540353934,0.481135706560709,0.528616021978535,0.323696005891323,0.334689097247366,0.330454379320145,-0.456479008921876
"denis kudla",0.297619047619048,-0.416695030939268,1.08428050430643,-1.49548955117322,-0.181089448698018,-0.223644375566856,-0.353718980430959,0.633449624647684,-0.32456914940173,-0.622552068373877,-0.81685829123239,-0.690200497714463,0.38720833153589,0.395186158280991,0.378182411193848,-0.111445953513276
"denis shapovalov",0.435334872979215,0.397905639896678,0.0446621761812324,0.616336110544414,-0.181089448698018,-0.223644375566856,-0.353718980430959,0.633449624647684,-0.32456914940173,0.305199019335144,0.502368627195626,0.364830348309834,0.391414752906724,0.375331006985841,0.392750203609467,0.12701843025628
"diego schwartzman",0.293991416309013,-2.62384233292884,-0.788718825992766,1.74116760122726,-0.181089448698018,-0.223644375566856,-0.353718980430959,0.633449624647684,-0.32456914940173,0.288362453485906,-0.0929302521580271,-0.0985511290392311,0.252494187356283,0.305091182686441,0.305494755506516,-0.901057006830695
"dominic stricker",0.440860215053763,-1.11852476120634,0.790223485458391,-0.210051508514061,-0.181089448698018,-0.223644375566856,2.80448620198832,-1.56602823871233,-0.32456914940173,0.84157176038069,0.795511604272447,0.725124988293979,0.319752575697463,0.345842793354081,0.356220304965973,-0.303060901425225
"dominic thiem",0.451612903225806,0.482286554428758,-0.150843215256792,-0.959171890051748,-0.181089448698018,-0.223644375566856,-0.353718980430959,0.633449624647684,-0.32456914940173,0.341714196596303,0.567063302532547,0.606957836835855,0.402438012108271,0.38388178194766,0.380766004323959,0.149032989741647
"dominik koepfer",0.303370786516854,-0.368878904405189,-3.19601604652131,2.03239029228724,5.47795582311504,-0.223644375566856,-0.353718980430959,-1.56602823871233,-0.32456914940173,-0.089839860792835,-0.289888496712331,0.249240080039864,0.31629932567767,0.337995620887679,0.274278342723846,-0.232982002619635
"dusan lajovic",0.265060240963855,-1.03752729075066,-0.316624584369671,-0.0179739703983979,-0.181089448698018,-0.223644375566856,-0.353718980430959,0.633449624647684,-0.32456914940173,-0.546935374030627,-0.73444441184973,-0.764527785943032,0.34376779170123,0.352783680849468,0.354299426078796,-0.360293736509015
"elias ymer",0.344086021505376,-0.763474999782937,0.533330355975691,-0.175351278706216,-0.181089448698018,-0.223644375566856,2.80448620198832,-1.56602823871233,-0.32456914940173,-0.0263286128370036,-0.336768702326202,-0.120604027201802,0.347874879804012,0.384310316955408,0.358163475990295,-0.193120266132871
"emil ruusuvuori",0.367149758454106,0.781897544030665,0.564370734831564,1.510769821654,-0.181089448698018,4.43561344874265,-0.353718980430959,-1.56602823871233,-0.32456914940173,-0.302936532186387,-0.344658322267849,-0.296561913129656,0.410744291939024,0.408316405142033,0.401765823364258,0.24829913256552
"fabian marozsan",0.355555555555556,-0.453535425438927,-0.315257167924046,1.2758595240806,-0.181089448698018,-0.223644375566856,-0.353718980430959,0.633449624647684,-0.32456914940173,-0.0103345167536743,0.104037248074139,-0.244314122557213,0.357042759602611,0.343129148423788,0.38407301902771,-0.166491064363517
"fabio fognini",0.313380281690141,-1.14847461095287,-0.848342389560366,0.878948211508934,-0.181089448698018,-0.223644375566856,2.80448620198832,-1.56602823871233,-0.32456914940173,0.0601713052355718,-0.135973078814705,-0.225016486861609,0.304721240266542,0.329621165292784,0.339645236730576,-0.363133416734214
"facundo diaz acosta",0.33,-0.694934958882068,-1.70308739026813,1.44228097586941,-0.181089448698018,4.43561344874265,-0.353718980430959,-1.56602823871233,-0.32456914940173,0.127262102828015,-0.0554892600584948,-0.0208958984350564,0.311686157284974,0.336627742944873,0.332439064979553,-0.311072399155511
"federico delbonis",0.322916666666667,-0.313793542436668,-0.909237615947332,0.362559892446388,-0.181089448698018,-0.223644375566856,-0.353718980430959,0.633449624647684,-0.32456914940173,-0.312979154633679,-0.309042714865645,-0.400390863533001,0.367956398713128,0.359829317348186,0.36965212225914,-0.138300688452459
"feliciano lopez",0.390243902439024,0.978923232907594,-0.633271081561657,1.29745394479576,-0.181089448698018,-0.223644375566856,-0.353718980430959,0.633449624647684,-0.32456914940173,-0.0808323276403334,-0.10109704553709,-0.091730081060852,0.401876199107068,0.40231912617781,0.400951057672501,0.299049570769188
"frances tiafoe",0.401656314699793,0.253565665045158,1.93764303885439,0.962395802750866,-0.181089448698018,-0.223644375566856,-0.353718980430959,0.633449624647684,-0.32456914940173,0.0507175458367385,0.312592033016232,0.32540946558475,0.394357730622478,0.364319726695865,0.363673031330109,0.137048259675449
"francisco cerundolo",0.32,-0.693020777559613,-0.979710978654374,1.03336730261284,-0.181089448698018,-0.223644375566856,2.80448620198832,-1.56602823871233,-0.32456914940173,-0.117434070753932,-0.162826458001035,-0.128295280607523,0.336899525101194,0.339448302376305,0.334975212812424,-0.216039327635439
"gael monfils",0.442176870748299,-0.376002400785002,0.432109184250747,-0.607122795616098,-0.181089448698018,-0.223644375566856,-0.353718980430959,0.633449624647684,-0.32456914940173,0.513577028074638,0.527645164092887,0.533845000174027,0.368269802538682,0.379153927028623,0.379864037036896,-0.117899297648297
"gijs brouwer",0.422680412371134,-0.466910575572931,0.275541908094759,0.143511760534975,-0.181089448698018,-0.223644375566856,-0.353718980430959,0.633449624647684,-0.32456914940173,0.413019316135062,0.663398133669819,0.885822457599147,0.363244251676954,0.343442875315547,0.319283157587051,-0.152851958637669
"grigor dimitrov",0.444277108433735,0.694677079928746,1.06697570283451,0.989370729486183,-0.181089448698018,-0.223644375566856,-0.353718980430959,0.633449624647684,-0.32456914940173,0.260873116982018,0.220368146186715,0.663535492171295,0.406735773450108,0.417955917186562,0.366826206445694,0.256763241708819
"guido pella",0.327102803738318,0.0645656770515407,-0.7521987445785,0.977029671239942,-0.181089448698018,4.43561344874265,-0.353718980430959,-1.56602823871233,-0.32456914940173,-0.339899947928879,-0.294311206118784,-0.239332521313179,0.376016612695471,0.362255894947222,0.355038791894913,-0.0299855184698295
"holger rune",0.438761776581427,0.696376013239181,-0.0607268514471823,0.360970890340032,-0.181089448698018,-0.223644375566856,-0.353718980430959,0.633449624647684,-0.32456914940173,0.247010926888846,0.15523239841649,0.482739151954136,0.403215300738193,0.420220523150834,0.382414251565933,0.222822370690442
"hubert hurkacz",0.424639580602883,0.739998581098951,1.66877415650247,0.417856405082246,-0.181089448698018,-0.223644375566856,-0.353718980430959,0.633449624647684,-0.32456914940173,0.0366297240120336,0.314218552887565,-0.0211774233676148,0.419368325536811,0.387108717966521,0.427111506462097,0.290213675938198
"hugo dellien",0.370786516853933,-0.191440748110052,-0.601931641322708,-0.629491093896434,-0.181089448698018,-0.223644375566856,-0.353718980430959,0.633449624647684,-0.32456914940173,-0.0394492161456851,0.10636047375993,-0.063874868275142,0.376463515140685,0.358082619219821,0.378242284059525,-0.0883029315709954
"ilya ivashka",0.327683615819209,-0.19605821083165,0.353244396401679,0.229489246073391,-0.181089448698018,-0.223644375566856,-0.353718980430959,0.633449624647684,-0.32456914940173,-0.319770659382627,-0.63553279129229,-0.429712452955113,0.373700689485891,0.403592863289488,0.377841621637344,-0.0606092207938107
"jack draper",0.36405529953917,-0.0346306137553848,1.56611119555266,-0.234822326962609,-0.181089448698018,-0.223644375566856,-0.353718980430959,0.633449624647684,-0.32456914940173,-0.164661844698895,-0.019783557691121,-0.154351233184389,0.387751207888705,0.366418285363339,0.382071882486343,0.0300606796369483
"jack sock",0.425855513307985,0.891506496843675,0.545348216376839,-0.526012782961528,-0.181089448698018,-0.223644375566856,-0.353718980430959,0.633449624647684,-0.32456914940173,0.0554343238012437,-0.191031295426444,-0.107270653264181,0.417878154262757,0.448672655204955,0.438376635313034,0.306108310750646
"james duckworth",0.375335120643432,0.271110786549157,0.905293264348513,1.36089227645058,-0.181089448698018,-0.223644375566856,-0.353718980430959,0.633449624647684,-0.32456914940173,-0.124769721486898,-0.146807786494005,-0.115256116336373,0.393290293504253,0.39287012237462,0.388788342475891,0.111282475110145
"jannik sinner",0.392041748206132,0.479758037026295,-0.0228421070020759,1.12827268270986,-0.181089448698018,-0.223644375566856,-0.353718980430959,0.633449624647684,-0.32456914940173,-0.0215211029652091,0.0342219412119121,-0.104480671418603,0.395138774626412,0.38795421434484,0.40423721075058,0.15211053798741
"jason kubler",0.360128617363344,0.0926798736843683,-0.253936846258278,-0.666070171656958,-0.181089448698018,-0.223644375566856,-0.353718980430959,0.633449624647684,-0.32456914940173,-0.189476865565374,-0.123740072560452,-0.0932842972863263,0.387395568301519,0.374908367391477,0.371017187833786,0.0166122309183434
"jaume munar",0.294117647058824,0.015939438124373,1.09414292290585,0.732167752977746,-0.181089448698018,-0.223644375566856,2.80448620198832,-1.56602823871233,-0.32456914940173,-0.646040213684797,-0.620429616241182,-0.422142933642827,0.387087027558489,0.368222942524974,0.343392103910446,0.0826385118713448
"jenson brooksby",0.26,-3.01109435905459,0.176798681356531,-1.33844496502831,-0.181089448698018,-0.223644375566856,-0.353718980430959,0.633449624647684,-0.32456914940173,-0.177476469851617,-0.606692667519044,-0.247066590716961,0.285540016094761,0.332464528137819,0.288838744163513,-1
"jiri lehecka",0.439814814814815,0.25475597362286,-0.498507238652286,1.21802812624728,-0.181089448698018,-0.223644375566856,-0.353718980430959,-1.56602823871233,3.05635949019963,0.259825491759302,0.622327983272094,0.445821697163477,0.402424239901364,0.365482774773541,0.387776464223862,0.0837806292279878
"jiri vesely",0.359375,1.98671343754701,-0.194557030294275,-1.12032979244157,-0.181089448698018,-0.223644375566856,-0.353718980430959,0.633449624647684,-0.32456914940173,-0.746741377582357,-1,-1,0.466835931683071,0.478816905296382,0.476099580526352,0.646844555328897
"john isner",0.461988304093567,1.9334542806859,0.0367417191671957,-0.775602161373324,-0.181089448698018,-0.223644375566856,-0.353718980430959,0.633449624647684,-0.32456914940173,0.0582527318113967,-0.13339377134012,0.250205632168425,0.453605357840068,0.477921110297101,0.432783156633377,0.636250963390129
"john millman",0.283018867924528,-1.22512706857383,1.51557869794579,0.120521302041101,-0.181089448698018,-0.223644375566856,-0.353718980430959,0.633449624647684,-0.32456914940173,-0.437209211042364,-0.457491597415107,-0.17474057180054,0.345936111523837,0.337662535976874,0.303415387868881,-0.366476566254919
"jordan thompson",0.391684901531729,-0.515538052884658,1.4287295079306,-0.303481434090557,-0.181089448698018,-0.223644375566856,-0.353718980430959,0.633449624647684,-0.32456914940173,0.161811994052767,0.386575223519643,0.317189355502346,0.368399105189891,0.345511620294168,0.354661107063293,-0.133701590983931
"juncheng shang",0.346938775510204,0.137538591761822,0.418325250224727,0.385482078494736,-0.181089448698018,-0.223644375566856,-0.353718980430959,0.633449624647684,-0.32456914940173,-0.271936870534,-0.473306280578318,-0.439654950287477,0.386072256449981,0.403471379451222,0.398257315158844,0.052065110852527
"karen khachanov",0.3875,0.591753798806746,-1.50366816336083,0.968086365354825,-0.181089448698018,-0.223644375566856,-0.353718980430959,0.633449624647684,-0.32456914940173,0.0589312695386709,-0.0362629610595956,-0.121461298203786,0.379019407762839,0.391831317160647,0.401677519083023,0.14396011158123
"kei nishikori",0.365853658536585,-1.46535403504642,-0.0379963113800795,0.244596455322539,-0.181089448698018,-0.223644375566856,-0.353718980430959,-1.56602823871233,3.05635949019963,0.12514125752064,0.199255819061075,0.291678453760614,0.347845019228693,0.342054163866539,0.331807613372803,-0.472838935619895
"kevin anderson",0.378378378378378,1.45037082460361,-0.918962927838029,-1.80972146475739,-0.181089448698018,-0.223644375566856,-0.353718980430959,0.633449624647684,-0.32456914940173,-0.39537419632959,-0.305416647840517,-0.539956302306151,0.435275291789792,0.414857924705684,0.441404551267624,0.446728317366008
"laslo djere",0.448529411764706,0.138508033833147,0.373021030907402,-0.744127849363286,-0.181089448698018,-0.223644375566856,-0.353718980430959,0.633449624647684,-0.32456914940173,0.418178630422095,0.559038385952629,0.750634831210331,0.38835079225309,0.38175680181271,0.360911875963211,0.0510005761735289
"liam broady",0.264705882352941,-2.26351808206995,1.66183192063072,-0.510373263411528,-0.181089448698018,-0.223644375566856,-0.353718980430959,0.633449624647684,-0.32456914940173,-0.353866883123939,-0.405626464862504,-0.316786732713694,0.315629623950599,0.313154680154755,0.301682680845261,-0.706526129365181
"lloyd harris",0.417910447761194,0.82941048081455,-0.720834253749068,-0.781070835898627,-0.181089448698018,-0.223644375566856,-0.353718980430959,0.633449624647684,-0.32456914940173,0.0344285577760227,0.0313898212690991,-0.0229930750381548,0.412955954805287,0.4141611877019,0.420594304800034,0.246764013754664
"lorenzo musetti",0.352357320099256,-0.163809014770157,0.147879678787785,-0.316446812365645,-0.181089448698018,-0.223644375566856,-0.353718980430959,0.633449624647684,-0.32456914940173,-0.174522462533705,-0.295914616580696,-0.143158963829667,0.37747223536512,0.387701925708702,0.369067490100861,-0.0561929488990009
"lorenzo sonego",0.405797101449275,0.558229617765352,0.62619995986999,1.11851148656605,-0.181089448698018,-0.223644375566856,-0.353718980430959,0.633449624647684,-0.32456914940173,0.0307843473482453,-0.094465318761365,-0.0890319026098701,0.401367034030207,0.417080219106563,0.416189312934875,0.19800525622884
"lucas pouille",0.330508474576271,-0.529958483887292,-0.604139999342927,0.594774348033474,-0.181089448698018,-0.223644375566856,-0.353718980430959,0.633449624647684,-0.32456914940173,-0.143305571433455,-0.244283208135858,-0.402274677779319,0.351131076569309,0.359686126387931,0.377463817596436,-0.20068624111546
"marco cecchinato",0.4,0.413163340006713,-1.55590349814424,-2.26696959979808,-0.181089448698018,-0.223644375566856,2.80448620198832,-1.56602823871233,-0.32456914940173,0.201424912023824,0.279740105202871,0.360472620956757,0.371013647616074,0.366587308846759,0.357923984527588,0.133348153210128
"marcos giron",0.28169014084507,-0.860336401322513,1.60177025540658,0.0144286438292374,-0.181089448698018,-0.223644375566856,-0.353718980430959,0.633449624647684,-0.32456914940173,-0.509612580222794,-0.457333143145626,-0.230244627314182,0.355026699273715,0.336314882817567,0.308565348386765,-0.242806591208031
"marin cilic",0.458128078817734,0.558665218034169,0.953866867150103,0.733786462599982,-0.181089448698018,-0.223644375566856,-0.353718980430959,0.633449624647684,-0.32456914940173,0.396988627730051,0.39617438275008,0.404245149711804,0.400998838247762,0.410808255712446,0.410942733287811,0.208175476696943
"marton fucsovics",0.337837837837838,-0.0919678423082315,0.0551284458540533,0.799493638266639,-0.181089448698018,-0.223644375566856,2.80448620198832,-1.56602823871233,-0.32456914940173,-0.0854565581015142,-0.0285509171229703,0.00936794766434395,0.350135591287297,0.341248013776965,0.336744368076324,0.0150453462308347
"matteo berrettini",0.43973399833749,1.66906306262018,-0.206976690025494,0.204379431444196,-0.181089448698018,-0.223644375566856,-0.353718980430959,0.633449624647684,-0.32456914940173,-0.0116409857458138,-0.0107706972226192,0.147937892810168,0.441409211753418,0.44102047093513,0.42246600985527,0.541072324753968
"mattia bellucci",0.414285714285714,-0.23040417009304,-0.670179965995066,-0.10466475838555,-0.181089448698018,-0.223644375566856,-0.353718980430959,-1.56602823871233,3.05635949019963,0.179771349605591,0.484446832712622,0.587224116202903,0.388415450097214,0.356422461571721,0.345742225646973,-0.0824418431681359
"max purcell",0.403225806451613,0.0083723076592536,1.03153151803726,0.0502256796413354,-0.181089448698018,-0.223644375566856,-0.353718980430959,0.633449624647684,-0.32456914940173,0.130727957072758,0.331884584151056,0.21141990371455,0.384413204812281,0.363584879382113,0.37854790687561,0.0279718362924318
"maxime cressy",0.528735632183908,2.01748197712314,-0.510464440076911,-1.06609591774877,-0.181089448698018,-0.223644375566856,-0.353718980430959,-1.56602823871233,3.05635949019963,0.384066796421449,0.839122873767278,0.59142721941404,0.473465927020919,0.428509197363369,0.459701538085938,0.66826411531127
"maximilian marterer",0.414893617021277,1.23930454019817,-0.863336343462075,-0.078944923724704,-0.181089448698018,-0.223644375566856,-0.353718980430959,0.633449624647684,-0.32456914940173,-0.0306953519798188,0.00844529867676354,0.0513829015564841,0.419310877429117,0.413884894456527,0.408895969390869,0.378401313958154
"mikael ymer",0.31021897810219,-0.31639512327144,-0.644918481357395,1.84686750609298,-0.181089448698018,-0.223644375566856,-0.353718980430959,0.633449624647684,-0.32456914940173,-0.30917778545197,-0.396402911646326,-0.185524788079279,0.354711668446931,0.35756609713426,0.331874281167984,-0.131076430063554
"miomir kecmanovic",0.29375,0.0740275692485529,-0.724463854153444,-0.135428103564275,-0.181089448698018,-0.223644375566856,-0.353718980430959,0.633449624647684,-0.32456914940173,-0.626168373968293,-0.662715397333809,-0.59523043680187,0.383859693767017,0.372905989726799,0.363228023052216,-0.00397317367256367
"nick kyrgios",0.442307692307692,1.65247304236645,-0.330946244852744,-2.95446753698362,-0.181089448698018,-0.223644375566856,-0.353718980430959,0.633449624647684,-0.32456914940173,-0.0582972236708415,0.00927449695443658,0.143533807180358,0.450697041228583,0.441199928720789,0.425553768873215,0.531774851040273
"nicolas jarry",0.463687150837989,2.00534395583035,-0.603386313046039,0.425682639237708,-0.181089448698018,-0.223644375566856,-0.353718980430959,0.633449624647684,-0.32456914940173,0.148122778771739,0.144905579844681,-0.198974022272981,0.442371321438217,0.446379352293263,0.486912310123444,0.640516880199506
"nikoloz basilashvili",0.390804597701149,-0.614517341254724,0.444422301254695,-1.0476421271871,-0.181089448698018,-0.223644375566856,2.80448620198832,-1.56602823871233,-0.32456914940173,0.277354030004833,0.295856550985521,0.197182243509677,0.350891552348193,0.355466927557023,0.367788583040237,-0.146418409519168
"novak djokovic",0.4,0.0416213928421387,0.91039090193448,-0.443744468252383,-0.181089448698018,-0.223644375566856,-0.353718980430959,0.633449624647684,-0.32456914940173,0.0896809636486108,0.123634001543974,0.00775407001994337,0.387094327169714,0.385232919296172,0.39909490942955,0.035296881007565
"oscar otte",0.324675324675325,0.486015479082894,-0.900433568121283,2.5043841472796,-0.181089448698018,-0.223644375566856,-0.353718980430959,0.633449624647684,-0.32456914940173,-0.383454572414139,-0.483292966258798,-0.400630413900506,0.379856926829428,0.382400757381616,0.37143874168396,0.127334822603952
"pablo andujar",0.32183908045977,-0.862040788124117,-2.2984535558377,-0.193146508525573,-0.181089448698018,4.43561344874265,-0.353718980430959,-1.56602823871233,-0.32456914940173,0.0886944874926213,-0.165420761131832,0.0476390884886115,0.309075367952011,0.341597251344934,0.316278427839279,-0.384732464307163
"pedro cachin",0.414893617021277,0.0149412209140787,0.914828146563284,-1.53003451630315,-0.181089448698018,-0.223644375566856,-0.353718980430959,0.633449624647684,-0.32456914940173,0.172540014122887,0.31210149041067,0.278949887128508,0.390063988950733,0.377615620360786,0.382333308458328,0.0265805175934928
"pedro martinez",0.34375,-1.58635381893592,-1.04667818180027,0.0450419650924512,-0.181089448698018,-0.223644375566856,2.80448620198832,-1.56602823871233,-0.32456914940173,0.256628060025216,0.195267085080118,0.273148553589607,0.306819556269115,0.32042692731636,0.311866849660873,-0.514484510924387
"philipp kohlschreiber",0.41044776119403,-1.49546272985572,0.0348944714440001,0.682870068259655,-0.181089448698018,-0.223644375566856,-0.353718980430959,-1.56602823871233,3.05635949019963,0.490293310791034,0.484426523602345,0.68720955366373,0.339891371047066,0.352586934238863,0.330233514308929,-0.480598350448761
"quentin halys",0.474576271186441,0.798207582012172,-0.566618834758604,-0.13462381593305,-0.181089448698018,-0.223644375566856,-0.353718980430959,0.633449624647684,-0.32456914940173,0.476550650764653,0.500923743740364,0.815130013743709,0.405997539027333,0.414744984825895,0.379430562257767,0.241129863588953
"radu albot",0.388888888888889,-1.00917972598536,0.581965871022819,-1.65195547320875,-0.181089448698018,4.43561344874265,-0.353718980430959,-1.56602823871233,-0.32456914940173,0.45201061916366,0.0475252848454519,-0.00638667461114424,0.323841626578034,0.383212378317195,0.389634370803833,-0.345418426402926
"rafael nadal",0.375238095238095,-0.318023541341205,-1.17398375416461,-0.0205061980341738,-0.181089448698018,-0.223644375566856,-0.353718980430959,0.633449624647684,-0.32456914940173,0.121463017305652,0.262226629746747,0.0540406708313534,0.357758778574325,0.343917246961695,0.368930220603943,-0.147804640420008
"ricardas berankis",0.288,-0.897838179062471,-0.5733216151728,0.230584055740828,-0.181089448698018,-0.223644375566856,-0.353718980430959,0.633449624647684,-0.32456914940173,-0.349793207288227,-0.320577022998238,-0.364972866703927,0.338337513200756,0.326290330421152,0.330601304769516,-0.321800937009724
"richard gasquet",0.354066985645933,-0.775440479572948,-1.18889307309822,-1.39215475771438,-0.181089448698018,-0.223644375566856,-0.353718980430959,0.633449624647684,-0.32456914940173,0.0646803205303669,0.0569557807806404,0.488511567045173,0.344759067651277,0.34726407867185,0.297045677900314,-0.300025758176437
"roberto bautista agut",0.290960451977401,-1.46609588911414,-0.867823777709868,0.464226968939078,-0.181089448698018,-0.223644375566856,-0.353718980430959,0.633449624647684,-0.32456914940173,-0.24922818880417,-0.159424140365286,-0.501278089395551,0.326826006203538,0.310002375052869,0.349471926689148,-0.519352329173206
"roberto carballes baena",0.285714285714286,0.0868293141849694,0.21262678826937,0.0865417643282323,-0.181089448698018,-0.223644375566856,2.80448620198832,-1.56602823871233,-0.32456914940173,-0.640211619846987,-0.774234110334387,-0.665400976036633,0.37784489372455,0.378190282998074,0.363382935523987,0.0791869053873961
"roger federer",0.420765027322404,-0.73460453628872,-0.520098422838245,-1.60061678660149,-0.181089448698018,-0.223644375566856,-0.353718980430959,0.633449624647684,-0.32456914940173,0.490798737791618,0.56045394531747,0.687817220600216,0.350135902949093,0.353823340262811,0.340479850769043,-0.266013676288244
"roman safiullin",0.397905759162304,1.06931886313502,-0.520532798697819,0.854607277935183,-0.181089448698018,-0.223644375566856,-0.353718980430959,-1.56602823871233,3.05635949019963,-0.237703142241145,-0.197779905132858,-0.345804760519729,0.432112784373532,0.42152896786071,0.438269674777985,0.353367979898058
"salvatore caruso",0.30188679245283,-0.315439482547863,-0.0809712504904682,-0.39451795462436,5.47795582311504,-0.223644375566856,-0.353718980430959,-1.56602823871233,-0.32456914940173,-0.633419692442564,-0.599917453689946,-0.720648443403826,0.393039998020008,0.373542076142111,0.38600417971611,-0.119939816285464
"sam querrey",0.463636363636364,0.749836898363035,1.69565599740462,-0.58680673343232,-0.181089448698018,-0.223644375566856,-0.353718980430959,0.633449624647684,-0.32456914940173,0.315736041654909,0.567032120647848,0.285823704009505,0.418199897651299,0.395908966781937,0.430273711681366,0.29430040982861
"sebastian korda",0.332075471698113,-0.429658320892561,-1.19759421200564,-1.20640190054675,-0.181089448698018,-0.223644375566856,-0.353718980430959,0.633449624647684,-0.32456914940173,-0.255751732494554,-0.294855268362912,-0.389985609055378,0.368879806208682,0.367293546738056,0.377596378326416,-0.185566008692286
"stan wawrinka",0.397590361445783,0.0314161345007195,0.731254767501404,0.534894769770048,-0.181089448698018,-0.223644375566856,-0.353718980430959,0.633449624647684,-0.32456914940173,0.108110302776536,-0.0066461300066808,-0.113039422189565,0.382032587081493,0.398384187876629,0.410784840583801,0.0264298438998691
"stefan kozlov",0.298701298701299,-1.9843971042824,-1.34981856718916,-0.671030004851525,-0.181089448698018,-0.223644375566856,-0.353718980430959,-1.56602823871233,3.05635949019963,-0.195873065936295,-0.388146463728971,-0.554863045272267,0.326888704393589,0.34506225186314,0.363467454910278,-0.68518871531461
"stefanos tsitsipas",0.445534838076546,0.738324743094939,0.0204765518771613,-0.0540365242998662,-0.181089448698018,-0.223644375566856,-0.353718980430959,0.633449624647684,-0.32456914940173,0.251788640674758,0.0439896915428199,0.31813558653159,0.409300818205135,0.440280625505271,0.408400595188141,0.23922500625773
"steve johnson",0.355555555555556,0.187183600550028,-0.329346029362092,-2.77285757487027,-0.181089448698018,-0.223644375566856,2.80448620198832,-1.56602823871233,-0.32456914940173,-0.115272290179686,-0.276457540131532,-0.216483542826235,0.372143986398983,0.388576170882417,0.380824506282806,0.0959002824220291
"tallon griekspoor",0.395061728395062,0.581540400778359,-1.04776499269341,0.239602830802883,-0.181089448698018,-0.223644375566856,-0.353718980430959,-1.56602823871233,3.05635949019963,-0.138215880674088,-0.0242672148727994,-0.319476196933084,0.414951890848254,0.397960250775706,0.43235245347023,0.175397655168817
"taro daniel",0.398230088495575,-0.805550923799252,1.02274397784559,-1.9263700283116,-0.181089448698018,-0.223644375566856,-0.353718980430959,0.633449624647684,-0.32456914940173,0.247504969075272,0.207143083960803,-0.0698630671803158,0.362612516774655,0.373488523878328,0.406384825706482,-0.242346079212529
"taylor fritz",0.438493723849372,0.777222651497649,1.04329956652308,0.163061412918504,-0.181089448698018,-0.223644375566856,-0.353718980430959,0.633449624647684,-0.32456914940173,0.167421640361968,0.111130680561251,0.111762707893947,0.414400662988792,0.425220063626253,0.425448268651962,0.283426354744375
"tennys sandgren",0.392857142857143,0.375183551862731,0.385351878860526,-0.314489518427107,-0.181089448698018,-0.223644375566856,-0.353718980430959,0.633449624647684,-0.32456914940173,-0.0549062263244579,-0.0797062280650273,0.0373434298732776,0.400758505247333,0.402377406601218,0.388498246669769,0.129903695048533
"thanasi kokkinakis",0.333333333333333,0.739789518044948,1.51795678148352,0.257105000582949,-0.181089448698018,-0.223644375566856,-0.353718980430959,0.633449624647684,-0.32456914940173,-0.599343253184282,-0.867732952780464,-0.851767434921256,0.419582718085074,0.436977010501888,0.432755529880524,0.28552972027727
"thiago seyboth wild",0.39622641509434,-0.148400074691975,-1.99047915119801,-1.66542302034627,-0.181089448698018,-0.223644375566856,-0.353718980430959,0.633449624647684,-0.32456914940173,0.152366101341783,0.279125411767562,0.308265582065076,0.374299944031338,0.362887144096185,0.360244244337082,-0.116508284602064
"tim van rijthoven",0.489247311827957,2.02546660444151,-0.0865212570486944,-0.86775124147286,-0.181089448698018,-0.223644375566856,-0.353718980430959,0.633449624647684,-0.32456914940173,0.224445837484871,0.166615607646817,-0.218965028859276,0.456948098830548,0.469346426198507,0.514805912971497,0.663007940790417
"tommy paul",0.392487046632124,-1.01031616783268,0.784482330455185,0.941814990029809,5.47795582311504,-0.223644375566856,-0.353718980430959,-1.56602823871233,-0.32456914940173,0.386990256038906,0.270560616097307,0.170353704117968,0.336796636652634,0.360170771147299,0.372602581977844,-0.324010309436072
"ugo humbert",0.398523985239852,-0.359052643988644,0.124899018908984,0.335422620610278,-0.181089448698018,-0.223644375566856,-0.353718980430959,0.633449624647684,-0.32456914940173,0.216160941372724,0.376557205973326,0.569845676675269,0.367417022574133,0.353547275105316,0.332008987665176,-0.121675365632558
"yannick hanfmann",0.384955752212389,0.314583942992292,-0.390322822130136,-0.0516274099467794,-0.181089448698018,-0.223644375566856,-0.353718980430959,0.633449624647684,-0.32456914940173,-0.0187656242379737,0.18028023159621,-0.00389298990701218,0.387656247356714,0.363422737863265,0.385410159826279,0.0860640567855179
"yibing wu",0.349514563106796,0.286686958129184,1.78165340150564,0.860866685927115,-0.181089448698018,-0.223644375566856,-0.353718980430959,0.633449624647684,-0.32456914940173,-0.335377959285787,-0.241646675874123,-0.476680408735195,0.397777628543856,0.378377302481739,0.405154883861542,0.143264621738743
"yoshihito nishioka",0.35,-2.25738546333729,0.597626591965182,1.31505216660135,5.47795582311504,-0.223644375566856,-0.353718980430959,-1.56602823871233,-0.32456914940173,0.529259896109149,0.116354080098647,-0.23061624198577,0.273836065275355,0.33610244698401,0.376918584108353,-0.74348879223941
"yosuke watanuki",0.454545454545455,0.878174055209558,0.666650790653991,-1.29763169863087,-0.181089448698018,-0.223644375566856,-0.353718980430959,0.633449624647684,-0.32456914940173,0.152856383694233,0.410469101614096,0.618646745134154,0.432548428669283,0.405518242983373,0.382334172725677,0.30539630232531
